[{"town":"池田","koaza":"","lat":35.524232,"lng":140.294263},{"town":"砂田","koaza":"","lat":35.498915,"lng":140.27743},{"town":"上谷新田","koaza":"","lat":35.524688,"lng":140.355174},{"town":"大網","koaza":"","lat":35.529553,"lng":140.328408},{"town":"大竹","koaza":"","lat":35.526606,"lng":140.307565},{"town":"柿餅","koaza":"","lat":35.513292,"lng":140.350501},{"town":"桂山","koaza":"","lat":35.507326,"lng":140.371338},{"town":"金谷郷","koaza":"","lat":35.54262,"lng":140.290478},{"town":"上貝塚","koaza":"","lat":35.518302,"lng":140.347136},{"town":"木崎","koaza":"","lat":35.505381,"lng":140.357259},{"town":"北飯塚","koaza":"","lat":35.506419,"lng":140.351618},{"town":"北今泉","koaza":"","lat":35.499653,"lng":140.412732},{"town":"北横川","koaza":"","lat":35.514384,"lng":140.340279},{"town":"北吉田","koaza":"","lat":35.499302,"lng":140.362273},{"town":"季美の森南一丁目","koaza":"","lat":35.551177,"lng":140.297311},{"town":"季美の森南二丁目","koaza":"","lat":35.55411,"lng":140.298007},{"town":"季美の森南三丁目","koaza":"","lat":35.549862,"lng":140.303591},{"town":"季美の森南四丁目","koaza":"","lat":35.554871,"lng":140.311427},{"town":"季美の森南五丁目","koaza":"","lat":35.552917,"lng":140.309365},{"town":"経田","koaza":"","lat":35.514738,"lng":140.322594},{"town":"九十根","koaza":"","lat":35.506707,"lng":140.377511},{"town":"小西","koaza":"","lat":35.548867,"lng":140.312294},{"town":"駒込","koaza":"","lat":35.515886,"lng":140.312836},{"town":"下ケ傍示","koaza":"","lat":35.49435,"lng":140.378633},{"town":"四天木","koaza":"","lat":35.481791,"lng":140.40451},{"town":"清水","koaza":"","lat":35.480814,"lng":140.379558},{"town":"清名幸谷","koaza":"","lat":35.53011,"lng":140.345165},{"town":"富田","koaza":"","lat":35.516147,"lng":140.328998},{"town":"長国","koaza":"","lat":35.497443,"lng":140.370781},{"town":"ながた野一丁目","koaza":"","lat":35.5053,"lng":140.311065},{"town":"ながた野二丁目","koaza":"","lat":35.504761,"lng":140.313118},{"town":"二之袋","koaza":"","lat":35.501015,"lng":140.381695},{"town":"星谷","koaza":"","lat":35.5095,"lng":140.338879},{"town":"細草","koaza":"","lat":35.493776,"lng":140.388356},{"town":"仏島","koaza":"","lat":35.520387,"lng":140.324651},{"town":"みずほ台一丁目","koaza":"","lat":35.517973,"lng":140.303212},{"town":"みずほ台二丁目","koaza":"","lat":35.512013,"lng":140.303385},{"town":"みずほ台三丁目","koaza":"","lat":35.512187,"lng":140.300192},{"town":"みどりが丘一丁目","koaza":"","lat":35.537573,"lng":140.315761},{"town":"みどりが丘二丁目","koaza":"","lat":35.54225,"lng":140.313082},{"town":"みどりが丘三丁目","koaza":"","lat":35.543262,"lng":140.316363},{"town":"みどりが丘四丁目","koaza":"","lat":35.543506,"lng":140.320348},{"town":"南飯塚","koaza":"","lat":35.503467,"lng":140.344458},{"town":"南今泉","koaza":"","lat":35.491385,"lng":140.409047},{"town":"南玉","koaza":"","lat":35.525958,"lng":140.298955},{"town":"南横川","koaza":"","lat":35.497483,"lng":140.340484},{"town":"みやこ野一丁目","koaza":"","lat":35.5181,"lng":140.315363},{"town":"みやこ野二丁目","koaza":"","lat":35.518185,"lng":140.318653},{"town":"餅木","koaza":"","lat":35.543987,"lng":140.304317},{"town":"柳橋","koaza":"","lat":35.510152,"lng":140.364074},{"town":"山口","koaza":"","lat":35.540229,"lng":140.332058},{"town":"養安寺","koaza":"","lat":35.552179,"lng":140.321267},{"town":"萱野","koaza":"","lat":35.504073,"lng":140.283812},{"town":"永田","koaza":"","lat":35.506773,"lng":140.305194},{"town":"神房","koaza":"","lat":35.501176,"lng":140.29607},{"town":"小中","koaza":"","lat":35.512303,"lng":140.28984},{"town":"大網","koaza":"鹿島田","lat":35.520783,"lng":140.320294},{"town":"四天木","koaza":"乙","lat":35.478717,"lng":140.417}]