[{"town":"愛田","lat":"34.810465","lng":"136.225268"},{"town":"阿保","lat":"34.666310","lng":"136.178221"},{"town":"青山羽根","lat":"34.657392","lng":"136.170003"},{"town":"朝日ケ丘町","lat":"34.678363","lng":"136.150711"},{"town":"阿山ハイツ","lat":"34.814231","lng":"136.170824"},{"town":"荒木","lat":"34.764527","lng":"136.167846"},{"town":"石川","lat":"34.844148","lng":"136.152774"},{"town":"印代","lat":"34.788572","lng":"136.145980"},{"town":"出後","lat":"34.747556","lng":"136.228421"},{"town":"伊勢路","lat":"34.667488","lng":"136.257335"},{"town":"猪田","lat":"34.717238","lng":"136.141646"},{"town":"一之宮","lat":"34.786877","lng":"136.163016"},{"town":"市部","lat":"34.730030","lng":"136.182180"},{"town":"依那具","lat":"34.737239","lng":"136.144162"},{"town":"岩倉","lat":"34.779519","lng":"136.098479"},{"town":"上野相生町","lat":"34.764891","lng":"136.132515"},{"town":"上野赤坂町","lat":"34.768258","lng":"136.134935"},{"town":"上野愛宕町","lat":"34.759827","lng":"136.129147"},{"town":"上野池町","lat":"34.761793","lng":"136.133482"},{"town":"上野伊予町","lat":"34.764693","lng":"136.135878"},{"town":"上野魚町","lat":"34.765516","lng":"136.131429"},{"town":"上野恵美須町","lat":"34.761067","lng":"136.132657"},{"town":"上野鍛冶町","lat":"34.765720","lng":"136.133097"},{"town":"上野片原町","lat":"34.766134","lng":"136.133007"},{"town":"上野茅町","lat":"34.761330","lng":"136.135857"},{"town":"上野車坂町","lat":"34.767606","lng":"136.142591"},{"town":"上野桑町","lat":"34.757880","lng":"136.134265"},{"town":"上野玄蕃町","lat":"34.768639","lng":"136.134007"},{"town":"上野幸坂町","lat":"34.766111","lng":"136.124630"},{"town":"上野小玉町","lat":"34.765249","lng":"136.128563"},{"town":"上野紺屋町","lat":"34.764502","lng":"136.130069"},{"town":"上野三之西町","lat":"34.764329","lng":"136.127671"},{"town":"上野忍町","lat":"34.763242","lng":"136.130302"},{"town":"上野下幸坂町","lat":"34.766266","lng":"136.120504"},{"town":"上野新町","lat":"34.765648","lng":"136.133712"},{"town":"上野田端町","lat":"34.764688","lng":"136.138781"},{"town":"上野鉄砲町","lat":"34.760712","lng":"136.127957"},{"town":"上野寺町","lat":"34.763962","lng":"136.134845"},{"town":"上野徳居町","lat":"34.763371","lng":"136.124907"},{"town":"上野中町","lat":"34.765989","lng":"136.128337"},{"town":"上野西大手町","lat":"34.767751","lng":"136.122868"},{"town":"上野西日南町","lat":"34.760514","lng":"136.130288"},{"town":"上野西町","lat":"34.765679","lng":"136.125950"},{"town":"上野農人町","lat":"34.767257","lng":"136.136678"},{"town":"上野東日南町","lat":"34.760611","lng":"136.131222"},{"town":"上野東町","lat":"34.766280","lng":"136.131492"},{"town":"上野福居町","lat":"34.764790","lng":"136.125298"},{"town":"上野丸之内","lat":"34.769566","lng":"136.128784"},{"town":"上野向島町","lat":"34.765318","lng":"136.123542"},{"town":"上野万町","lat":"34.760302","lng":"136.126080"},{"town":"上林","lat":"34.687887","lng":"136.163047"},{"town":"上村","lat":"34.830176","lng":"136.228725"},{"town":"内保","lat":"34.882192","lng":"136.171535"},{"town":"円徳院","lat":"34.811530","lng":"136.177313"},{"town":"老川","lat":"34.642201","lng":"136.207235"},{"town":"大内","lat":"34.737436","lng":"136.106459"},{"town":"大滝","lat":"34.691270","lng":"136.084160"},{"town":"大谷","lat":"34.797940","lng":"136.134269"},{"town":"大野木","lat":"34.745787","lng":"136.105988"},{"town":"岡田","lat":"34.678791","lng":"136.194089"},{"town":"岡波","lat":"34.696894","lng":"136.187440"},{"town":"沖","lat":"34.718002","lng":"136.171821"},{"town":"奥鹿野","lat":"34.652337","lng":"136.243151"},{"town":"奥馬野","lat":"34.724920","lng":"136.287635"},{"town":"小田町","lat":"34.774187","lng":"136.119149"},{"town":"音羽","lat":"34.819941","lng":"136.132252"},{"town":"界外","lat":"34.746118","lng":"136.180656"},{"town":"笠部","lat":"34.734921","lng":"136.129982"},{"town":"柏尾","lat":"34.669732","lng":"136.195965"},{"town":"炊村","lat":"34.782089","lng":"136.204847"},{"town":"鍛冶屋","lat":"34.699739","lng":"136.124957"},{"town":"柏野","lat":"34.817690","lng":"136.189942"},{"town":"勝地","lat":"34.694745","lng":"136.265424"},{"town":"桂","lat":"34.679529","lng":"136.092267"},{"town":"上阿波","lat":"34.778378","lng":"136.306104"},{"town":"上神戸","lat":"34.679255","lng":"136.138288"},{"town":"上郡","lat":"34.702843","lng":"136.146841"},{"town":"上友田","lat":"34.849413","lng":"136.212647"},{"town":"上友生","lat":"34.739652","lng":"136.187224"},{"town":"上之庄","lat":"34.732858","lng":"136.114745"},{"town":"川合","lat":"34.819998","lng":"136.169139"},{"town":"川上","lat":"34.645026","lng":"136.182297"},{"town":"川上一丁目","lat":"34.677457","lng":"136.178474"},{"town":"川上二丁目","lat":"34.676894","lng":"136.179657"},{"town":"川上三丁目","lat":"34.676237","lng":"136.179835"},{"town":"川北","lat":"34.758024","lng":"136.246343"},{"town":"川西","lat":"34.796373","lng":"136.200392"},{"town":"川東","lat":"34.798511","lng":"136.214821"},{"town":"木興町","lat":"34.761019","lng":"136.119761"},{"town":"北山","lat":"34.685460","lng":"136.222879"},{"town":"希望ヶ丘西一丁目","lat":"34.783777","lng":"136.220967"},{"town":"希望ヶ丘西二丁目","lat":"34.785130","lng":"136.223897"},{"town":"希望ヶ丘西三丁目","lat":"34.785893","lng":"136.226716"},{"town":"希望ヶ丘西四丁目","lat":"34.785983","lng":"136.229283"},{"town":"希望ヶ丘西五丁目","lat":"34.783851","lng":"136.228328"},{"town":"希望ヶ丘東一丁目","lat":"34.787532","lng":"136.232577"},{"town":"希望ヶ丘東二丁目","lat":"34.785472","lng":"136.232104"},{"town":"希望ヶ丘東三丁目","lat":"34.784145","lng":"136.238929"},{"town":"希望ヶ丘東四丁目","lat":"34.783684","lng":"136.235134"},{"town":"希望ヶ丘東五丁目","lat":"34.782846","lng":"136.238148"},{"town":"桐ケ丘一丁目","lat":"34.665260","lng":"136.186818"},{"town":"桐ケ丘二丁目","lat":"34.663010","lng":"136.187689"},{"town":"桐ケ丘三丁目","lat":"34.662676","lng":"136.190918"},{"town":"桐ケ丘四丁目","lat":"34.659485","lng":"136.192293"},{"town":"桐ケ丘五丁目","lat":"34.661934","lng":"136.195674"},{"town":"桐ケ丘六丁目","lat":"34.659616","lng":"136.196488"},{"town":"桐ケ丘七丁目","lat":"34.661676","lng":"136.200297"},{"town":"桐ケ丘八丁目","lat":"34.658660","lng":"136.199956"},{"town":"霧生","lat":"34.607034","lng":"136.229793"},{"town":"久米町","lat":"34.754622","lng":"136.140668"},{"town":"蔵縄手","lat":"34.696123","lng":"136.113634"},{"town":"甲野","lat":"34.775544","lng":"136.228431"},{"town":"腰山","lat":"34.626804","lng":"136.216619"},{"town":"小杉","lat":"34.854533","lng":"136.232062"},{"town":"西明寺","lat":"34.765245","lng":"136.154160"},{"town":"才良","lat":"34.710598","lng":"136.179100"},{"town":"坂下","lat":"34.714435","lng":"136.246970"},{"town":"坂之下","lat":"34.804991","lng":"136.156264"},{"town":"佐那具町","lat":"34.799715","lng":"136.169509"},{"town":"四十九町","lat":"34.744391","lng":"136.135738"},{"town":"七本木","lat":"34.731955","lng":"136.092255"},{"town":"島ヶ原","lat":"34.770733","lng":"136.054330"},{"town":"下阿波","lat":"34.749248","lng":"136.268714"},{"town":"下川原","lat":"34.684995","lng":"136.199399"},{"town":"下神戸","lat":"34.691430","lng":"136.181053"},{"town":"下郡","lat":"34.712737","lng":"136.147714"},{"town":"下柘植","lat":"34.818022","lng":"136.236770"},{"town":"下友田","lat":"34.840846","lng":"136.191238"},{"town":"下友生","lat":"34.750084","lng":"136.157252"},{"town":"菖蒲池","lat":"34.704925","lng":"136.115234"},{"town":"白樫","lat":"34.729774","lng":"136.076336"},{"town":"新堂","lat":"34.825747","lng":"136.202714"},{"town":"摺見","lat":"34.716591","lng":"136.199585"},{"town":"諏訪","lat":"34.821919","lng":"136.107872"},{"town":"千貝","lat":"34.834890","lng":"136.169805"},{"town":"千歳","lat":"34.791602","lng":"136.168757"},{"town":"千戸","lat":"34.782523","lng":"136.185846"},{"town":"高尾","lat":"34.590251","lng":"136.210764"},{"town":"高畑","lat":"34.779773","lng":"136.157189"},{"town":"高山","lat":"34.723178","lng":"136.216060"},{"town":"瀧","lat":"34.707116","lng":"136.245699"},{"town":"楯岡","lat":"34.831595","lng":"136.214272"},{"town":"種生","lat":"34.630720","lng":"136.190818"},{"town":"田中","lat":"34.826445","lng":"136.185865"},{"town":"玉瀧","lat":"34.868503","lng":"136.172631"},{"town":"朝屋","lat":"34.755229","lng":"136.105420"},{"town":"柘植町","lat":"34.846303","lng":"136.255628"},{"town":"土橋","lat":"34.800079","lng":"136.146729"},{"town":"寺田","lat":"34.779393","lng":"136.169473"},{"town":"寺脇","lat":"34.677852","lng":"136.186479"},{"town":"富岡","lat":"34.755272","lng":"136.214036"},{"town":"富永","lat":"34.779089","lng":"136.264390"},{"town":"外山","lat":"34.804835","lng":"136.161964"},{"town":"問屋町","lat":"34.751655","lng":"136.144300"},{"town":"長田","lat":"34.767150","lng":"136.093566"},{"town":"中柘植","lat":"34.835048","lng":"136.228380"},{"town":"中友田","lat":"34.847871","lng":"136.195019"},{"town":"中友生","lat":"34.749234","lng":"136.168731"},{"town":"中馬野","lat":"34.718091","lng":"136.268180"},{"town":"中村","lat":"34.758086","lng":"136.232617"},{"town":"西条","lat":"34.800064","lng":"136.151376"},{"town":"西高倉","lat":"34.794799","lng":"136.094135"},{"town":"西之澤","lat":"34.800611","lng":"136.186001"},{"town":"西山","lat":"34.790815","lng":"136.077805"},{"town":"西湯舟","lat":"34.862314","lng":"136.192374"},{"town":"野間","lat":"34.794615","lng":"136.117788"},{"town":"野村","lat":"34.838160","lng":"136.234695"},{"town":"波敷野","lat":"34.821828","lng":"136.151829"},{"town":"蓮池","lat":"34.737883","lng":"136.208174"},{"town":"馬田","lat":"34.837772","lng":"136.178556"},{"town":"畑村","lat":"34.771769","lng":"136.202624"},{"town":"治田","lat":"34.710864","lng":"136.075153"},{"town":"服部町","lat":"34.781188","lng":"136.138056"},{"town":"服部町一丁目","lat":"34.775370","lng":"136.134431"},{"town":"服部町二丁目","lat":"34.773220","lng":"136.140310"},{"town":"服部町三丁目","lat":"34.772404","lng":"136.142279"},{"town":"羽根","lat":"34.780277","lng":"136.150676"},{"town":"馬場","lat":"34.826620","lng":"136.173653"},{"town":"東条","lat":"34.796978","lng":"136.155053"},{"town":"東高倉","lat":"34.790292","lng":"136.111441"},{"town":"東谷","lat":"34.689985","lng":"136.124526"},{"town":"東湯舟","lat":"34.863368","lng":"136.210038"},{"town":"比自岐","lat":"34.703225","lng":"136.197749"},{"town":"枅川","lat":"34.703034","lng":"136.162341"},{"town":"比土","lat":"34.653651","lng":"136.156837"},{"town":"一ツ家","lat":"34.850807","lng":"136.282745"},{"town":"平田","lat":"34.762670","lng":"136.213119"},{"town":"平野北谷","lat":"34.773784","lng":"136.128013"},{"town":"平野蔵垣内","lat":"34.769696","lng":"136.140967"},{"town":"平野清水","lat":"34.776985","lng":"136.130208"},{"town":"平野城北町","lat":"34.774183","lng":"136.132050"},{"town":"平野中川原","lat":"34.775833","lng":"136.129336"},{"town":"平野西町","lat":"34.772740","lng":"136.135776"},{"town":"平野東町","lat":"34.771415","lng":"136.139004"},{"town":"平野樋之口","lat":"34.770779","lng":"136.134288"},{"town":"平野見能","lat":"34.772089","lng":"136.132853"},{"town":"平野山之下","lat":"34.773047","lng":"136.130539"},{"town":"平野六反田","lat":"34.770472","lng":"136.136310"},{"town":"広瀬","lat":"34.743331","lng":"136.249098"},{"town":"福川","lat":"34.649247","lng":"136.222603"},{"town":"古郡","lat":"34.680678","lng":"136.158371"},{"town":"生琉里","lat":"34.754485","lng":"136.152308"},{"town":"古山界外","lat":"34.702779","lng":"136.124430"},{"town":"別府","lat":"34.672559","lng":"136.182926"},{"town":"鳳凰寺","lat":"34.766843","lng":"136.227545"},{"town":"喰代","lat":"34.740597","lng":"136.219845"},{"town":"法花","lat":"34.743161","lng":"136.079799"},{"town":"槙山","lat":"34.879022","lng":"136.117340"},{"town":"猿野","lat":"34.752937","lng":"136.289381"},{"town":"丸柱","lat":"34.846226","lng":"136.122176"},{"town":"三田","lat":"34.794361","lng":"136.127279"},{"town":"御代","lat":"34.812178","lng":"136.206369"},{"town":"緑ケ丘中町","lat":"34.761515","lng":"136.146704"},{"town":"緑ケ丘西町","lat":"34.758866","lng":"136.138828"},{"town":"緑ケ丘東町","lat":"34.764047","lng":"136.145446"},{"town":"緑ケ丘本町","lat":"34.761112","lng":"136.141304"},{"town":"緑ケ丘南町","lat":"34.757670","lng":"136.145878"},{"town":"真泥","lat":"34.765171","lng":"136.190666"},{"town":"妙楽地","lat":"34.700703","lng":"136.232456"},{"town":"守田町","lat":"34.748513","lng":"136.120782"},{"town":"森寺","lat":"34.694364","lng":"136.137794"},{"town":"諸木","lat":"34.637258","lng":"136.228079"},{"town":"山神","lat":"34.797180","lng":"136.141428"},{"town":"安場","lat":"34.680163","lng":"136.109635"},{"town":"山畑","lat":"34.800168","lng":"136.246058"},{"town":"八幡町","lat":"34.755471","lng":"136.125223"},{"town":"山出","lat":"34.716297","lng":"136.123291"},{"town":"湯舟","lat":"34.849978","lng":"136.179012"},{"town":"ゆめが丘一丁目","lat":"34.740468","lng":"136.155524"},{"town":"ゆめが丘二丁目","lat":"34.737730","lng":"136.163437"},{"town":"ゆめが丘三丁目","lat":"34.736377","lng":"136.160659"},{"town":"ゆめが丘四丁目","lat":"34.734778","lng":"136.158071"},{"town":"ゆめが丘五丁目","lat":"34.733701","lng":"136.162181"},{"town":"ゆめが丘六丁目","lat":"34.731618","lng":"136.165048"},{"town":"ゆめが丘七丁目","lat":"34.736406","lng":"136.170369"},{"town":"湯屋谷","lat":"34.695550","lng":"136.106434"},{"town":"陽光台","lat":"34.748957","lng":"136.127331"},{"town":"予野","lat":"34.712052","lng":"136.099969"}]