[{"town":"赤目町一ノ井","lat":"34.591510","lng":"136.076170"},{"town":"赤目町柏原","lat":"34.596977","lng":"136.079919"},{"town":"赤目町相楽","lat":"34.606691","lng":"136.078704"},{"town":"赤目町丈六","lat":"34.599813","lng":"136.072610"},{"town":"赤目町新川","lat":"34.603627","lng":"136.077634"},{"town":"赤目町すみれが丘","lat":"34.598500","lng":"136.091202"},{"town":"赤目町檀","lat":"34.600389","lng":"136.078191"},{"town":"赤目町長坂","lat":"34.572470","lng":"136.085333"},{"town":"赤目町星川","lat":"34.596336","lng":"136.087784"},{"town":"朝日町","lat":"34.626376","lng":"136.085567"},{"town":"安部田","lat":"34.595581","lng":"136.056793"},{"town":"家野","lat":"34.655547","lng":"136.074347"},{"town":"井手","lat":"34.609919","lng":"136.065312"},{"town":"上本町","lat":"34.620268","lng":"136.090142"},{"town":"梅が丘北一番町","lat":"34.637652","lng":"136.092247"},{"town":"梅が丘北二番町","lat":"34.638168","lng":"136.088715"},{"town":"梅が丘北三番町","lat":"34.638163","lng":"136.086386"},{"town":"梅が丘北四番町","lat":"34.639637","lng":"136.084594"},{"town":"梅が丘北五番町","lat":"34.641606","lng":"136.086495"},{"town":"梅が丘南一番町","lat":"34.634765","lng":"136.091089"},{"town":"梅が丘南二番町","lat":"34.635048","lng":"136.088456"},{"town":"梅が丘南三番町","lat":"34.635058","lng":"136.086130"},{"town":"梅が丘南四番町","lat":"34.635061","lng":"136.083873"},{"town":"梅が丘南五番町","lat":"34.632710","lng":"136.086702"},{"town":"鵜山","lat":"34.667372","lng":"136.090582"},{"town":"大谷","lat":"34.625936","lng":"136.076026"},{"town":"大屋戸","lat":"34.631331","lng":"136.091449"},{"town":"鍛冶町","lat":"34.618491","lng":"136.090808"},{"town":"春日丘一番町","lat":"34.615237","lng":"136.113548"},{"town":"春日丘二番町","lat":"34.616048","lng":"136.116563"},{"town":"春日丘三番町","lat":"34.613823","lng":"136.116266"},{"town":"春日丘四番町","lat":"34.613826","lng":"136.119485"},{"town":"春日丘五番町","lat":"34.611009","lng":"136.120525"},{"town":"春日丘六番町","lat":"34.611041","lng":"136.122392"},{"town":"春日丘七番町","lat":"34.614981","lng":"136.120994"},{"town":"上小波田","lat":"34.641513","lng":"136.138329"},{"town":"上長瀬","lat":"34.573895","lng":"136.182244"},{"town":"上八町","lat":"34.625549","lng":"136.091514"},{"town":"上比奈知","lat":"34.612770","lng":"136.154388"},{"town":"上三谷","lat":"34.580306","lng":"136.066409"},{"town":"神屋","lat":"34.581460","lng":"136.136716"},{"town":"希央台一番町","lat":"34.624298","lng":"136.103113"},{"town":"希央台二番町","lat":"34.627377","lng":"136.099827"},{"town":"希央台三番町","lat":"34.622165","lng":"136.103924"},{"town":"希央台四番町","lat":"34.623645","lng":"136.101207"},{"town":"希央台五番町","lat":"34.624155","lng":"136.098393"},{"town":"桔梗が丘一番町","lat":"34.644152","lng":"136.115314"},{"town":"桔梗が丘二番町","lat":"34.640495","lng":"136.117848"},{"town":"桔梗が丘三番町","lat":"34.644335","lng":"136.118900"},{"town":"桔梗が丘四番町","lat":"34.649833","lng":"136.122084"},{"town":"桔梗が丘五番町","lat":"34.641129","lng":"136.127172"},{"town":"桔梗が丘六番町","lat":"34.645377","lng":"136.122311"},{"town":"桔梗が丘七番町","lat":"34.646018","lng":"136.126989"},{"town":"桔梗が丘八番町","lat":"34.648598","lng":"136.126885"},{"town":"桔梗が丘西一番町","lat":"34.644065","lng":"136.105369"},{"town":"桔梗が丘西二番町","lat":"34.641908","lng":"136.110566"},{"town":"桔梗が丘西三番町","lat":"34.643814","lng":"136.112303"},{"town":"桔梗が丘西四番町","lat":"34.647705","lng":"136.112587"},{"town":"桔梗が丘西五番町","lat":"34.646441","lng":"136.109474"},{"town":"桔梗が丘西六番町","lat":"34.646566","lng":"136.106640"},{"town":"桔梗が丘西七番町","lat":"34.648618","lng":"136.107838"},{"town":"桔梗が丘南一番町","lat":"34.634846","lng":"136.121177"},{"town":"桔梗が丘南二番町","lat":"34.632959","lng":"136.123572"},{"town":"木屋町","lat":"34.622695","lng":"136.086997"},{"town":"葛尾","lat":"34.657060","lng":"136.048072"},{"town":"蔵持町里","lat":"34.640426","lng":"136.108150"},{"town":"蔵持町芝出","lat":"34.630447","lng":"136.104311"},{"town":"蔵持町原出","lat":"34.634653","lng":"136.110089"},{"town":"黒田","lat":"34.616388","lng":"136.075141"},{"town":"結馬","lat":"34.612274","lng":"136.069159"},{"town":"鴻之台一番町","lat":"34.628908","lng":"136.108430"},{"town":"鴻之台二番町","lat":"34.625322","lng":"136.106503"},{"town":"鴻之台三番町","lat":"34.626266","lng":"136.104407"},{"town":"鴻之台四番町","lat":"34.627110","lng":"136.102372"},{"town":"鴻之台五番町","lat":"34.628359","lng":"136.102033"},{"town":"薦生","lat":"34.653109","lng":"136.086363"},{"town":"栄町","lat":"34.623686","lng":"136.093355"},{"town":"榊町","lat":"34.622455","lng":"136.088755"},{"town":"桜ケ丘","lat":"34.620987","lng":"136.099634"},{"town":"さつき台一番町","lat":"34.653637","lng":"136.108744"},{"town":"さつき台二番町","lat":"34.650328","lng":"136.106479"},{"town":"下小波田","lat":"34.653619","lng":"136.143785"},{"town":"下比奈知","lat":"34.622549","lng":"136.133284"},{"town":"下三谷","lat":"34.643143","lng":"136.080681"},{"town":"青蓮寺","lat":"34.577950","lng":"136.107408"},{"town":"新田","lat":"34.663499","lng":"136.140444"},{"town":"新町","lat":"34.618793","lng":"136.085466"},{"town":"すずらん台西一番町","lat":"34.642874","lng":"136.153923"},{"town":"すずらん台西二番町","lat":"34.640069","lng":"136.159795"},{"town":"すずらん台西三番町","lat":"34.637660","lng":"136.157654"},{"town":"すずらん台西四番町","lat":"34.638916","lng":"136.159859"},{"town":"すずらん台東一番町","lat":"34.637046","lng":"136.162793"},{"town":"すずらん台東二番町","lat":"34.635499","lng":"136.160727"},{"town":"すずらん台東三番町","lat":"34.633447","lng":"136.163028"},{"town":"すずらん台東四番町","lat":"34.633729","lng":"136.169457"},{"town":"すずらん台東五番町","lat":"34.635955","lng":"136.166206"},{"town":"瀬古口","lat":"34.613171","lng":"136.091835"},{"town":"滝之原","lat":"34.626469","lng":"136.161066"},{"town":"つつじが丘北十番町","lat":"34.612152","lng":"136.133670"},{"town":"つつじが丘北一番町","lat":"34.606085","lng":"136.127647"},{"town":"つつじが丘北二番町","lat":"34.608088","lng":"136.127458"},{"town":"つつじが丘北三番町","lat":"34.606126","lng":"136.131325"},{"town":"つつじが丘北四番町","lat":"34.610510","lng":"136.128916"},{"town":"つつじが丘北五番町","lat":"34.607105","lng":"136.133778"},{"town":"つつじが丘北六番町","lat":"34.610233","lng":"136.131992"},{"town":"つつじが丘北七番町","lat":"34.612407","lng":"136.130750"},{"town":"つつじが丘北八番町","lat":"34.614684","lng":"136.129058"},{"town":"つつじが丘北九番町","lat":"34.615845","lng":"136.132004"},{"town":"つつじが丘南一番町","lat":"34.607548","lng":"136.137370"},{"town":"つつじが丘南二番町","lat":"34.602753","lng":"136.138905"},{"town":"つつじが丘南三番町","lat":"34.603515","lng":"136.135830"},{"town":"つつじが丘南四番町","lat":"34.601379","lng":"136.137050"},{"town":"つつじが丘南五番町","lat":"34.598001","lng":"136.136560"},{"town":"つつじが丘南六番町","lat":"34.599544","lng":"136.134171"},{"town":"つつじが丘南七番町","lat":"34.602653","lng":"136.133307"},{"town":"つつじが丘南八番町","lat":"34.603249","lng":"136.129955"},{"town":"奈垣","lat":"34.601726","lng":"136.144000"},{"town":"長瀬","lat":"34.594907","lng":"136.171140"},{"town":"中知山","lat":"34.580794","lng":"136.120411"},{"town":"中町","lat":"34.621189","lng":"136.089074"},{"town":"夏秋","lat":"34.641511","lng":"136.094330"},{"town":"夏見","lat":"34.615276","lng":"136.104327"},{"town":"西田原","lat":"34.661944","lng":"136.106195"},{"town":"西原町","lat":"34.653332","lng":"136.115563"},{"town":"東田原","lat":"34.666797","lng":"136.115519"},{"town":"東町","lat":"34.629439","lng":"136.095158"},{"town":"平尾","lat":"34.620612","lng":"136.095534"},{"town":"富貴ケ丘一番町","lat":"34.629085","lng":"136.122114"},{"town":"富貴ケ丘二番町","lat":"34.627133","lng":"136.122236"},{"town":"富貴ケ丘三番町","lat":"34.625624","lng":"136.123151"},{"town":"富貴ケ丘四番町","lat":"34.623361","lng":"136.119968"},{"town":"富貴ケ丘五番町","lat":"34.620636","lng":"136.118352"},{"town":"富貴ケ丘六番町","lat":"34.620164","lng":"136.121974"},{"town":"布生","lat":"34.568875","lng":"136.154322"},{"town":"豊後町","lat":"34.620627","lng":"136.085363"},{"town":"本町","lat":"34.619247","lng":"136.088047"},{"town":"松崎町","lat":"34.624054","lng":"136.089524"},{"town":"松原町","lat":"34.634974","lng":"136.097615"},{"town":"丸之内","lat":"34.621405","lng":"136.091708"},{"town":"短野","lat":"34.632034","lng":"136.078195"},{"town":"緑が丘中","lat":"34.641807","lng":"136.102180"},{"town":"緑が丘西","lat":"34.641756","lng":"136.100206"},{"town":"緑が丘東","lat":"34.642305","lng":"136.104577"},{"town":"南古山","lat":"34.681655","lng":"136.123757"},{"town":"南町","lat":"34.621864","lng":"136.082135"},{"town":"南百合が丘","lat":"34.601327","lng":"136.096532"},{"town":"箕曲中村","lat":"34.609882","lng":"136.087215"},{"town":"美旗町池の台西","lat":"34.652150","lng":"136.132515"},{"town":"美旗町池の台東","lat":"34.649716","lng":"136.134932"},{"town":"美旗町中一番","lat":"34.661864","lng":"136.134078"},{"town":"美旗町中二番","lat":"34.663639","lng":"136.131171"},{"town":"美旗町中三番","lat":"34.662308","lng":"136.129103"},{"town":"美旗町藤が丘","lat":"34.667951","lng":"136.122914"},{"town":"美旗町南西原","lat":"34.656979","lng":"136.123738"},{"town":"美旗中村","lat":"34.654666","lng":"136.130377"},{"town":"元町","lat":"34.620877","lng":"136.087284"},{"town":"矢川","lat":"34.593494","lng":"136.066020"},{"town":"柳原町","lat":"34.619291","lng":"136.090493"},{"town":"八幡","lat":"34.649078","lng":"136.093364"},{"town":"百合が丘西一番町","lat":"34.609844","lng":"136.100297"},{"town":"百合が丘西二番町","lat":"34.607019","lng":"136.097540"},{"town":"百合が丘西三番町","lat":"34.605036","lng":"136.099607"},{"town":"百合が丘西四番町","lat":"34.605308","lng":"136.096655"},{"town":"百合が丘西五番町","lat":"34.606064","lng":"136.093852"},{"town":"百合が丘西六番町","lat":"34.603547","lng":"136.100506"},{"town":"百合が丘東一番町","lat":"34.609725","lng":"136.103985"},{"town":"百合が丘東二番町","lat":"34.607037","lng":"136.101663"},{"town":"百合が丘東三番町","lat":"34.605093","lng":"136.102964"},{"town":"百合が丘東四番町","lat":"34.608028","lng":"136.104194"},{"town":"百合が丘東五番町","lat":"34.606489","lng":"136.105607"},{"town":"百合が丘東六番町","lat":"34.608774","lng":"136.107510"},{"town":"百合が丘東七番町","lat":"34.605278","lng":"136.111248"},{"town":"百合が丘東八番町","lat":"34.604278","lng":"136.108609"},{"town":"百合が丘東九番町","lat":"34.603208","lng":"136.107185"},{"town":"竜口","lat":"34.571214","lng":"136.066444"},{"town":"桔梗が丘南三番町","lat":"34.635321","lng":"136.123773"},{"town":"桔梗が丘南四番町","lat":"34.634249","lng":"136.125689"}]