[{"town":"相之町","koaza":"","lat":35.002973,"lng":135.764009},{"town":"悪王子町","koaza":"","lat":34.996997,"lng":135.759624},{"town":"朝妻町","koaza":"","lat":34.997064,"lng":135.761822},{"town":"芦刈山町","koaza":"","lat":35.002472,"lng":135.754406},{"town":"新シ町","koaza":"","lat":34.989635,"lng":135.757709},{"town":"安土町","koaza":"","lat":34.997042,"lng":135.766168},{"town":"油小路町","koaza":"","lat":34.988309,"lng":135.753716},{"town":"飴屋町","koaza":"","lat":34.98987,"lng":135.761086},{"town":"綾大宮町","koaza":"","lat":35.001973,"lng":135.748808},{"town":"綾材木町","koaza":"","lat":35.002568,"lng":135.763288},{"town":"綾西洞院町","koaza":"","lat":35.001859,"lng":135.755128},{"town":"綾堀川町","koaza":"","lat":35.00186,"lng":135.752123},{"town":"石井筒町","koaza":"","lat":35.003043,"lng":135.753735},{"town":"石不動之町","koaza":"","lat":34.998976,"lng":135.766137},{"town":"和泉町","koaza":"","lat":34.994686,"lng":135.761062},{"town":"和泉屋町","koaza":"","lat":35.000312,"lng":135.769436},{"town":"伊勢松町","koaza":"","lat":34.987527,"lng":135.751429},{"town":"市之町","koaza":"","lat":35.001699,"lng":135.769403},{"town":"井筒町","koaza":"","lat":34.990285,"lng":135.756063},{"town":"糸屋町","koaza":"","lat":35.001267,"lng":135.757426},{"town":"因幡堂町","koaza":"","lat":34.999533,"lng":135.760178},{"town":"稲荷町","koaza":"","lat":34.989228,"lng":135.766571},{"town":"乾町","koaza":"","lat":34.993347,"lng":135.7575},{"town":"今大黒町","koaza":"","lat":35.0006,"lng":135.749865},{"town":"岩滝町","koaza":"","lat":34.993451,"lng":135.766134},{"town":"岩戸山町","koaza":"","lat":35.000671,"lng":135.75673},{"town":"植松町","koaza":"","lat":34.991403,"lng":135.755},{"town":"艮町","koaza":"","lat":34.993486,"lng":135.756711},{"town":"打越町","koaza":"","lat":34.991831,"lng":135.761877},{"town":"梅小路石橋町","koaza":"","lat":34.98612,"lng":135.734745},{"town":"梅小路頭町","koaza":"","lat":34.985228,"lng":135.740596},{"town":"梅小路高畑町","koaza":"","lat":34.983371,"lng":135.735713},{"town":"梅小路西中町","koaza":"","lat":34.984763,"lng":135.734754},{"town":"梅小路東中町","koaza":"","lat":34.984815,"lng":135.737019},{"town":"梅小路東町","koaza":"","lat":34.985983,"lng":135.739174},{"town":"梅小路本町","koaza":"","lat":34.985877,"lng":135.737171},{"town":"梅湊町","koaza":"","lat":34.992901,"lng":135.765194},{"town":"裏片町","koaza":"","lat":34.992502,"lng":135.747785},{"town":"永養寺町","koaza":"","lat":35.000173,"lng":135.754449},{"town":"榎木町","koaza":"","lat":34.99081,"lng":135.761869},{"town":"蛭子町","koaza":"","lat":34.995002,"lng":135.75709},{"town":"夷之町","koaza":"","lat":34.993684,"lng":135.761827},{"town":"恵美須之町","koaza":"","lat":35.000781,"lng":135.767255},{"town":"夷馬場町","koaza":"","lat":34.990325,"lng":135.745273},{"town":"蛭子水町","koaza":"","lat":34.991505,"lng":135.755598},{"town":"恵美須屋町","koaza":"","lat":34.999607,"lng":135.76476},{"town":"扇酒屋町","koaza":"","lat":35.00191,"lng":135.760968},{"town":"大江町","koaza":"","lat":34.998273,"lng":135.761018},{"town":"大坂町","koaza":"","lat":34.99509,"lng":135.759675},{"town":"大津町","koaza":"","lat":34.995685,"lng":135.761814},{"town":"大堀町","koaza":"","lat":34.997663,"lng":135.760252},{"town":"大政所町","koaza":"","lat":35.000751,"lng":135.759512},{"town":"大宮一丁目","koaza":"","lat":34.993602,"lng":135.748991},{"town":"大宮二丁目","koaza":"","lat":34.991814,"lng":135.749118},{"town":"大宮三丁目","koaza":"","lat":34.99079,"lng":135.749144},{"town":"大宮町","koaza":"","lat":34.98964,"lng":135.765669},{"town":"御旅町","koaza":"","lat":35.003661,"lng":135.76826},{"town":"御旅宮本町","koaza":"","lat":35.003776,"lng":135.767302},{"town":"小田原町","koaza":"","lat":34.997146,"lng":135.757447},{"town":"皆山町","koaza":"","lat":34.990017,"lng":135.762656},{"town":"垣ケ内町","koaza":"","lat":34.985952,"lng":135.749386},{"town":"柿本町","koaza":"","lat":34.995723,"lng":135.750896},{"town":"鍵屋町","koaza":"","lat":34.991731,"lng":135.766261},{"town":"傘鉾町","koaza":"","lat":35.003702,"lng":135.754494},{"town":"風早町","koaza":"","lat":35.001814,"lng":135.753717},{"town":"柏屋町","koaza":"","lat":35.003679,"lng":135.753096},{"town":"鍛冶屋町","koaza":"","lat":34.998182,"lng":135.763326},{"town":"堅田町","koaza":"","lat":34.997742,"lng":135.763192},{"town":"郭巨山町","koaza":"","lat":35.003744,"lng":135.755921},{"town":"金屋町","koaza":"","lat":34.994427,"lng":135.755364},{"town":"金換町","koaza":"","lat":34.9873,"lng":135.750746},{"town":"鎌屋町","koaza":"","lat":34.988333,"lng":135.752609},{"town":"上鱗形町","koaza":"","lat":34.99821,"lng":135.765479},{"town":"上夷町","koaza":"","lat":34.986416,"lng":135.750845},{"town":"上金仏町","koaza":"","lat":34.997046,"lng":135.753607},{"town":"上糀屋町","koaza":"","lat":34.987649,"lng":135.750077},{"town":"上五条町","koaza":"","lat":34.997852,"lng":135.748961},{"town":"上三之宮町","koaza":"","lat":34.990884,"lng":135.766028},{"town":"上珠数屋町","koaza":"","lat":34.992163,"lng":135.760468},{"town":"上錫屋町","koaza":"","lat":34.994952,"lng":135.755933},{"town":"上諏訪町","koaza":"","lat":34.995893,"lng":135.758906},{"town":"上長福寺町","koaza":"","lat":34.99815,"lng":135.748378},{"town":"上中之町","koaza":"","lat":34.987283,"lng":135.749343},{"town":"上二之宮町","koaza":"","lat":34.991018,"lng":135.766667},{"town":"上之町","koaza":"","lat":34.988246,"lng":135.749288},{"town":"上平野町","koaza":"","lat":34.995479,"lng":135.760377},{"town":"上柳町","koaza":"","lat":34.995568,"lng":135.757529},{"town":"上若宮町","koaza":"","lat":34.994437,"lng":135.755951},{"town":"亀町","koaza":"","lat":34.991755,"lng":135.760218},{"town":"亀屋町","koaza":"","lat":34.998212,"lng":135.755956},{"town":"烏丸二丁目","koaza":"","lat":34.992942,"lng":135.759582},{"town":"唐津屋町","koaza":"","lat":35.003621,"lng":135.751231},{"town":"唐物町","koaza":"","lat":34.992824,"lng":135.763312},{"town":"雁金町","koaza":"","lat":35.000125,"lng":135.764396},{"town":"川端町","koaza":"","lat":34.988213,"lng":135.751966},{"town":"観喜寺町","koaza":"","lat":34.987285,"lng":135.744645},{"town":"函谷鉾町","koaza":"","lat":35.003705,"lng":135.758878},{"town":"官社殿町","koaza":"","lat":34.997687,"lng":135.762832},{"town":"菅大臣町","koaza":"","lat":35.001062,"lng":135.755924},{"town":"学林町","koaza":"","lat":34.993411,"lng":135.754468},{"town":"元日町","koaza":"","lat":34.993523,"lng":135.752626},{"town":"菊屋町","koaza":"","lat":34.999486,"lng":135.755975},{"town":"北小路町","koaza":"","lat":34.990347,"lng":135.75353},{"town":"北不動堂町","koaza":"","lat":34.98754,"lng":135.753719},{"town":"北町","koaza":"","lat":34.99374,"lng":135.759622},{"town":"北門前町","koaza":"","lat":34.99864,"lng":135.75083},{"town":"吉文字町","koaza":"","lat":34.99952,"lng":135.751318},{"town":"木津屋町","koaza":"","lat":34.987865,"lng":135.751583},{"town":"京極町","koaza":"","lat":34.999583,"lng":135.766889},{"town":"喜吉町","koaza":"","lat":35.001292,"lng":135.753041},{"town":"金東横町","koaza":"","lat":34.996518,"lng":135.754171},{"town":"釘隠町","koaza":"","lat":35.001308,"lng":135.758704},{"town":"小石町","koaza":"","lat":35.003074,"lng":135.763321},{"town":"小泉町","koaza":"","lat":34.996925,"lng":135.752672},{"town":"小稲荷町","koaza":"","lat":34.988152,"lng":135.76302},{"town":"荒神町","koaza":"","lat":35.000809,"lng":135.752719},{"town":"幸竹町","koaza":"","lat":34.99986,"lng":135.767575},{"town":"高野堂町","koaza":"","lat":35.003143,"lng":135.752863},{"town":"粉川町","koaza":"","lat":34.989759,"lng":135.760348},{"town":"小坂町","koaza":"","lat":34.993468,"lng":135.745986},{"town":"小島町","koaza":"","lat":34.999455,"lng":135.758824},{"town":"米屋町","koaza":"","lat":34.989777,"lng":135.753845},{"town":"小柳町","koaza":"","lat":34.995458,"lng":135.754963},{"town":"紺屋町","koaza":"","lat":34.991015,"lng":135.764746},{"town":"郷之町","koaza":"","lat":34.988205,"lng":135.764487},{"town":"御器屋町","koaza":"","lat":34.98963,"lng":135.749337},{"town":"御供石町","koaza":"","lat":34.997641,"lng":135.758928},{"town":"五軒町","koaza":"","lat":34.999481,"lng":135.752315},{"town":"五条烏丸町","koaza":"","lat":34.998268,"lng":135.759536},{"town":"五坊大宮町","koaza":"","lat":35.000669,"lng":135.74909},{"town":"斎藤町","koaza":"","lat":35.00275,"lng":135.770822},{"town":"堺町","koaza":"","lat":34.992071,"lng":135.753382},{"town":"栄町","koaza":"","lat":34.993699,"lng":135.76313},{"town":"下り松町","koaza":"","lat":35.002937,"lng":135.749693},{"town":"桜木町","koaza":"","lat":34.989531,"lng":135.759694},{"town":"笹屋町","koaza":"","lat":34.990774,"lng":135.761082},{"town":"篠屋町","koaza":"","lat":34.998083,"lng":135.752918},{"town":"佐竹町","koaza":"","lat":35.003052,"lng":135.751191},{"town":"佐女牛井町","koaza":"","lat":34.994693,"lng":135.752718},{"town":"晒屋町","koaza":"","lat":35.001229,"lng":135.751145},{"town":"三軒替地町","koaza":"","lat":34.987221,"lng":135.751294},{"town":"三軒町","koaza":"","lat":35.000442,"lng":135.76173},{"town":"山王町","koaza":"","lat":34.991525,"lng":135.765959},{"town":"材木町","koaza":"","lat":34.997134,"lng":135.75673},{"town":"塩竈町","koaza":"","lat":34.996214,"lng":135.763753},{"town":"塩小路町","koaza":"","lat":34.988391,"lng":135.761125},{"town":"塩屋町","koaza":"","lat":35.001878,"lng":135.749816},{"town":"四条大宮町","koaza":"","lat":35.003123,"lng":135.748576},{"town":"四条町","koaza":"","lat":35.00306,"lng":135.756767},{"town":"四条堀川町","koaza":"","lat":35.003023,"lng":135.752072},{"town":"七条御所ノ内北町","koaza":"","lat":34.987236,"lng":135.731631},{"town":"七条御所ノ内中町","koaza":"","lat":34.986037,"lng":135.73165},{"town":"七条御所ノ内西町","koaza":"","lat":34.986684,"lng":135.72868},{"town":"七条御所ノ内本町","koaza":"","lat":34.984875,"lng":135.731662},{"town":"七条御所ノ内南町","koaza":"","lat":34.983561,"lng":135.731869},{"town":"四本松町","koaza":"","lat":34.991994,"lng":135.755982},{"town":"清水町","koaza":"","lat":34.98729,"lng":135.751992},{"town":"志水町","koaza":"","lat":34.986155,"lng":135.75173},{"town":"下魚棚四丁目","koaza":"","lat":34.988819,"lng":135.751464},{"town":"下鱗形町","koaza":"","lat":34.996897,"lng":135.76546},{"town":"下糀屋町","koaza":"","lat":34.98721,"lng":135.750089},{"town":"下五条町","koaza":"","lat":34.996055,"lng":135.748958},{"town":"下三之宮町","koaza":"","lat":34.989891,"lng":135.766048},{"town":"下材木町","koaza":"","lat":34.996611,"lng":135.767858},{"town":"下諏訪町","koaza":"","lat":34.994449,"lng":135.758899},{"town":"下長福寺町","koaza":"","lat":34.996734,"lng":135.748368},{"town":"下二之宮町","koaza":"","lat":34.989887,"lng":135.76668},{"town":"下之町","koaza":"","lat":34.986218,"lng":135.765074},{"town":"下平野町","koaza":"","lat":34.994574,"lng":135.760365},{"town":"下万寿寺町","koaza":"","lat":34.995871,"lng":135.76106},{"town":"下柳町","koaza":"","lat":34.992994,"lng":135.75895},{"town":"俊成町","koaza":"","lat":34.998756,"lng":135.760183},{"town":"聖真子町","koaza":"","lat":34.993644,"lng":135.765839},{"town":"卓屋町","koaza":"","lat":34.990742,"lng":135.760398},{"town":"新開町","koaza":"","lat":35.000729,"lng":135.76292},{"town":"新釜座町","koaza":"","lat":35.003222,"lng":135.75599},{"town":"真町","koaza":"","lat":35.003782,"lng":135.769789},{"town":"新日吉町","koaza":"","lat":34.989579,"lng":135.765276},{"town":"神明町","koaza":"","lat":35.002499,"lng":135.762027},{"town":"十禅師町","koaza":"","lat":34.990871,"lng":135.765657},{"town":"十文字町","koaza":"","lat":35.000166,"lng":135.750172},{"town":"珠数屋町","koaza":"","lat":34.99151,"lng":135.75349},{"town":"順風町","koaza":"","lat":35.003155,"lng":135.769397},{"town":"水銀屋町","koaza":"","lat":35.002995,"lng":135.759549},{"town":"杉蛭子町","koaza":"","lat":34.999622,"lng":135.749841},{"town":"杉屋町","koaza":"","lat":34.998932,"lng":135.763306},{"town":"朱雀内畑町","koaza":"","lat":34.988216,"lng":135.741891},{"town":"朱雀裏畑町","koaza":"","lat":34.988366,"lng":135.740049},{"town":"朱雀北ノ口町","koaza":"","lat":34.989386,"lng":135.740286},{"town":"朱雀正会町","koaza":"","lat":34.990289,"lng":135.743741},{"town":"朱雀堂ノ口町","koaza":"","lat":34.990295,"lng":135.742283},{"town":"朱雀分木町","koaza":"","lat":34.992716,"lng":135.741004},{"town":"朱雀宝蔵町","koaza":"","lat":34.985436,"lng":135.754381},{"town":"筋屋町","koaza":"","lat":35.000649,"lng":135.764743},{"town":"須浜町","koaza":"","lat":34.998249,"lng":135.766182},{"town":"住吉町","koaza":"","lat":34.990021,"lng":135.764141},{"town":"諏訪開町","koaza":"","lat":34.990979,"lng":135.746867},{"town":"瀬戸屋町","koaza":"","lat":35.001896,"lng":135.750461},{"town":"泉正寺町","koaza":"","lat":35.000099,"lng":135.763396},{"town":"泉水町","koaza":"","lat":34.995836,"lng":135.752657},{"town":"船頭町","koaza":"","lat":35.00285,"lng":135.770115},{"town":"銭屋町","koaza":"","lat":34.994391,"lng":135.757529},{"town":"善長寺町","koaza":"","lat":35.0024,"lng":135.757389},{"town":"太子山町","koaza":"","lat":35.000689,"lng":135.753683},{"town":"松明町","koaza":"","lat":34.985998,"lng":135.75273},{"town":"高雄町","koaza":"","lat":34.990344,"lng":135.754935},{"town":"高砂町","koaza":"","lat":34.997056,"lng":135.758863},{"town":"高材木町","koaza":"","lat":35.002921,"lng":135.762633},{"town":"高槻町","koaza":"","lat":34.992801,"lng":135.760303},{"town":"高辻猪熊町","koaza":"","lat":34.999592,"lng":135.750545},{"town":"高辻大宮町","koaza":"","lat":34.99943,"lng":135.749138},{"town":"高辻町","koaza":"","lat":34.999508,"lng":135.758148},{"town":"高辻西洞院町","koaza":"","lat":34.999511,"lng":135.755196},{"town":"高辻堀川町","koaza":"","lat":34.999615,"lng":135.751876},{"town":"高橋町","koaza":"","lat":35.000758,"lng":135.761282},{"town":"高宮町","koaza":"","lat":34.992532,"lng":135.766076},{"town":"竹屋町","koaza":"","lat":35.002067,"lng":135.761915},{"town":"竹屋之町","koaza":"","lat":35.002415,"lng":135.760275},{"town":"立売中之町","koaza":"","lat":35.003524,"lng":135.763289},{"town":"立売西町","koaza":"","lat":35.003682,"lng":135.761841},{"town":"立売東町","koaza":"","lat":35.003629,"lng":135.764792},{"town":"橘町","koaza":"","lat":34.990217,"lng":135.760501},{"town":"立中町","koaza":"","lat":35.003698,"lng":135.749871},{"town":"辰巳町","koaza":"","lat":34.989928,"lng":135.756823},{"town":"足袋屋町","koaza":"","lat":35.002526,"lng":135.766228},{"town":"玉津島町","koaza":"","lat":34.998886,"lng":135.758766},{"town":"玉本町","koaza":"","lat":34.990946,"lng":135.753818},{"town":"玉屋町","koaza":"","lat":34.997042,"lng":135.760302},{"town":"溜池町","koaza":"","lat":34.99197,"lng":135.764744},{"town":"樽屋町","koaza":"","lat":34.988297,"lng":135.750771},{"town":"俵屋町","koaza":"","lat":35.002016,"lng":135.765604},{"town":"丹波街道町","koaza":"","lat":34.994043,"lng":135.748361},{"town":"大工町","koaza":"","lat":34.9931,"lng":135.764744},{"town":"大黒町","koaza":"","lat":35.001355,"lng":135.766082},{"town":"醍醐町","koaza":"","lat":34.99635,"lng":135.758991},{"town":"大寿町","koaza":"","lat":35.00306,"lng":135.76625},{"town":"茶磨屋町","koaza":"","lat":35.000164,"lng":135.766552},{"town":"忠庵町","koaza":"","lat":34.998237,"lng":135.764028},{"town":"中堂寺粟田町","koaza":"","lat":34.995056,"lng":135.737601},{"town":"中堂寺鍵田町","koaza":"","lat":34.99461,"lng":135.745252},{"town":"中堂寺北町","koaza":"","lat":34.997444,"lng":135.741139},{"town":"中堂寺櫛笥町","koaza":"","lat":34.996897,"lng":135.746983},{"town":"中堂寺庄ノ内町","koaza":"","lat":34.997426,"lng":135.73787},{"town":"中堂寺西寺町","koaza":"","lat":34.998106,"lng":135.747014},{"town":"中堂寺坊城町","koaza":"","lat":34.995654,"lng":135.743515},{"town":"中堂寺前田町","koaza":"","lat":34.995117,"lng":135.746797},{"town":"中堂寺前町","koaza":"","lat":34.99484,"lng":135.749005},{"town":"中堂寺南町","koaza":"","lat":34.995099,"lng":135.740934},{"town":"中堂寺壬生川町","koaza":"","lat":34.996377,"lng":135.745239},{"town":"中堂寺命婦町","koaza":"","lat":34.998071,"lng":135.744314},{"town":"中堂寺薮ノ内町","koaza":"","lat":34.995306,"lng":135.747865},{"town":"突抜一丁目","koaza":"","lat":34.993192,"lng":135.748404},{"town":"突抜二丁目","koaza":"","lat":34.991866,"lng":135.748398},{"town":"月鉾町","koaza":"","lat":35.003748,"lng":135.757389},{"town":"月見町","koaza":"","lat":34.997649,"lng":135.755737},{"town":"土橋町","koaza":"","lat":34.988976,"lng":135.753343},{"town":"槌屋町","koaza":"","lat":35.000565,"lng":135.750546},{"town":"筒金町","koaza":"","lat":34.991837,"lng":135.761119},{"town":"葛籠屋町","koaza":"","lat":34.999672,"lng":135.762602},{"town":"貞安前之町","koaza":"","lat":35.002957,"lng":135.767697},{"town":"徹宝町","koaza":"","lat":34.988281,"lng":135.750003},{"town":"天使突抜一丁目","koaza":"","lat":34.99812,"lng":135.754406},{"town":"天使突抜二丁目","koaza":"","lat":34.997173,"lng":135.754397},{"town":"天使突抜三丁目","koaza":"","lat":34.99576,"lng":135.75441},{"town":"天使突抜四丁目","koaza":"","lat":34.9947,"lng":135.754603},{"town":"天神町","koaza":"","lat":34.992797,"lng":135.761827},{"town":"天神前町","koaza":"","lat":34.998849,"lng":135.754542},{"town":"天王町","koaza":"","lat":35.00123,"lng":135.769887},{"town":"天満町","koaza":"","lat":35.000501,"lng":135.76874},{"town":"都市町","koaza":"","lat":34.994877,"lng":135.767332},{"town":"燈籠町","koaza":"","lat":34.999535,"lng":135.761094},{"town":"常葉町","koaza":"","lat":34.991412,"lng":135.75857},{"town":"木賊山町","koaza":"","lat":35.001248,"lng":135.754313},{"town":"徳正寺町","koaza":"","lat":35.003031,"lng":135.764853},{"town":"徳万町","koaza":"","lat":34.998127,"lng":135.757431},{"town":"徳屋町","koaza":"","lat":35.000674,"lng":135.751224},{"town":"富田町","koaza":"","lat":34.992803,"lng":135.761072},{"town":"富永町","koaza":"","lat":35.000166,"lng":135.7513},{"town":"富浜町","koaza":"","lat":34.992457,"lng":135.765629},{"town":"富松町","koaza":"","lat":34.992143,"lng":135.765927},{"town":"富屋町","koaza":"","lat":34.994485,"lng":135.762732},{"town":"童侍者町","koaza":"","lat":35.002495,"lng":135.758865},{"town":"中居町","koaza":"","lat":34.989539,"lng":135.75892},{"town":"中金仏町","koaza":"","lat":34.995868,"lng":135.753616},{"town":"中之町","koaza":"","lat":35.001932,"lng":135.767092},{"town":"中野之町","koaza":"","lat":34.99905,"lng":135.757353},{"town":"永倉町","koaza":"","lat":34.99805,"lng":135.754968},{"town":"永原町","koaza":"","lat":35.002098,"lng":135.763994},{"town":"長刀切町","koaza":"","lat":34.997646,"lng":135.757975},{"town":"長刀鉾町","koaza":"","lat":35.003723,"lng":135.76037},{"town":"鍋屋町","koaza":"","lat":35.000644,"lng":135.765542},{"town":"納屋町","koaza":"","lat":34.990028,"lng":135.764758},{"town":"奈良物町","koaza":"","lat":35.003643,"lng":135.766023},{"town":"難波町","koaza":"","lat":34.998252,"lng":135.767624},{"town":"匂天神町","koaza":"","lat":35.000581,"lng":135.760134},{"town":"西油小路町","koaza":"","lat":34.985918,"lng":135.753519},{"town":"西綾小路西半町","koaza":"","lat":35.00244,"lng":135.75278},{"town":"西綾小路東半町","koaza":"","lat":35.002415,"lng":135.753379},{"town":"西魚屋町","koaza":"","lat":34.993964,"lng":135.757675},{"town":"西錺屋町","koaza":"","lat":34.996467,"lng":135.755817},{"town":"西側町","koaza":"","lat":34.993419,"lng":135.754954},{"town":"西境町","koaza":"","lat":34.989125,"lng":135.757769},{"town":"西七条赤社町","koaza":"","lat":34.995056,"lng":135.735621},{"town":"西七条石井町","koaza":"","lat":34.987216,"lng":135.734727},{"town":"西七条市部町","koaza":"","lat":34.991007,"lng":135.734564},{"town":"西七条御前田町","koaza":"","lat":34.994967,"lng":135.733583},{"town":"西七条掛越町","koaza":"","lat":34.993044,"lng":135.731861},{"town":"西七条北衣田町","koaza":"","lat":34.989917,"lng":135.731841},{"town":"西七条北月読町","koaza":"","lat":34.989727,"lng":135.729877},{"town":"西七条北西野町","koaza":"","lat":34.98976,"lng":135.733834},{"town":"西七条北東野町","koaza":"","lat":34.989766,"lng":135.73769},{"town":"西七条御領町","koaza":"","lat":34.991083,"lng":135.737716},{"town":"西七条中野町","koaza":"","lat":34.989776,"lng":135.735475},{"town":"西七条名倉町","koaza":"","lat":34.991221,"lng":135.729943},{"town":"西七条西石ケ坪町","koaza":"","lat":34.993121,"lng":135.733807},{"town":"西七条西久保町","koaza":"","lat":34.987132,"lng":135.737568},{"town":"西七条西八反田町","koaza":"","lat":34.992888,"lng":135.737055},{"town":"西七条東石ケ坪町","koaza":"","lat":34.993049,"lng":135.735563},{"town":"西七条東御前田町","koaza":"","lat":34.995064,"lng":135.734607},{"town":"西七条東久保町","koaza":"","lat":34.987236,"lng":135.739867},{"town":"西七条東八反田町","koaza":"","lat":34.992824,"lng":135.738372},{"town":"西七条比輪田町","koaza":"","lat":34.991289,"lng":135.731891},{"town":"西七条南衣田町","koaza":"","lat":34.988472,"lng":135.731919},{"town":"西七条南月読町","koaza":"","lat":34.988527,"lng":135.729511},{"town":"西七条南中野町","koaza":"","lat":34.98866,"lng":135.735273},{"town":"西七条南西野町","koaza":"","lat":34.988464,"lng":135.73384},{"town":"西七条南東野町","koaza":"","lat":34.988479,"lng":135.737656},{"town":"西七条八幡町","koaza":"","lat":34.992923,"lng":135.729948},{"town":"西新屋敷揚屋町","koaza":"","lat":34.99198,"lng":135.743297},{"town":"西新屋敷上之町","koaza":"","lat":34.991984,"lng":135.744753},{"town":"西新屋敷下之町","koaza":"","lat":34.993095,"lng":135.743263},{"town":"西新屋敷太夫町","koaza":"","lat":34.991969,"lng":135.744062},{"town":"西新屋敷中堂寺町","koaza":"","lat":34.993097,"lng":135.744039},{"town":"西新屋敷中之町","koaza":"","lat":34.993113,"lng":135.744699},{"town":"西酢屋町","koaza":"","lat":34.989741,"lng":135.746818},{"town":"西高辻町","koaza":"","lat":35.000132,"lng":135.752696},{"town":"西玉水町","koaza":"","lat":34.990347,"lng":135.761615},{"town":"西田町","koaza":"","lat":35.001276,"lng":135.749998},{"town":"西之町","koaza":"","lat":34.985218,"lng":135.763932},{"town":"西洞院町","koaza":"","lat":34.992105,"lng":135.755183},{"town":"西橋詰町","koaza":"","lat":34.996708,"lng":135.767091},{"town":"西前町","koaza":"","lat":35.001652,"lng":135.762542},{"town":"西松屋町","koaza":"","lat":34.992789,"lng":135.755624},{"town":"西門前町","koaza":"","lat":34.997834,"lng":135.74944},{"town":"西八百屋町","koaza":"","lat":34.98929,"lng":135.75134},{"town":"西若松町","koaza":"","lat":34.993408,"lng":135.753815},{"town":"廿人講町","koaza":"","lat":34.99129,"lng":135.760998},{"town":"二帖半敷町","koaza":"","lat":35.001916,"lng":135.759563},{"town":"二人司町","koaza":"","lat":34.992064,"lng":135.746108},{"town":"鶏鉾町","koaza":"","lat":35.003042,"lng":135.757983},{"town":"塗師屋町","koaza":"","lat":35.00195,"lng":135.764794},{"town":"布屋町","koaza":"","lat":34.997033,"lng":135.75595},{"town":"白楽天町","koaza":"","lat":35.001933,"lng":135.758233},{"town":"橋橘町","koaza":"","lat":34.99819,"lng":135.752309},{"town":"橋詰町","koaza":"","lat":34.993764,"lng":135.76107},{"town":"波止土濃町","koaza":"","lat":34.99345,"lng":135.766712},{"town":"橋本町","koaza":"","lat":35.00376,"lng":135.770747},{"town":"八王子町","koaza":"","lat":34.99097,"lng":135.765265},{"town":"八軒町","koaza":"","lat":34.99244,"lng":135.763714},{"town":"八条坊門町","koaza":"","lat":34.986601,"lng":135.749861},{"town":"八文字町","koaza":"","lat":35.002942,"lng":135.7656},{"town":"花園町","koaza":"","lat":34.989843,"lng":135.752301},{"town":"花畑町","koaza":"","lat":34.989483,"lng":135.74821},{"town":"花屋町","koaza":"","lat":34.992731,"lng":135.753473},{"town":"早尾町","koaza":"","lat":34.993485,"lng":135.766483},{"town":"繁昌町","koaza":"","lat":35.000144,"lng":135.75752},{"town":"坂東屋町","koaza":"","lat":34.996978,"lng":135.75812},{"town":"東油小路町","koaza":"","lat":34.986184,"lng":135.75452},{"town":"東魚屋町","koaza":"","lat":34.993991,"lng":135.758397},{"town":"東錺屋町","koaza":"","lat":34.996301,"lng":135.757406},{"town":"東側町","koaza":"","lat":34.993566,"lng":135.755381},{"town":"東境町","koaza":"","lat":34.989046,"lng":135.759001},{"town":"東塩小路釜殿町","koaza":"","lat":34.984936,"lng":135.75769},{"town":"東塩小路高倉町","koaza":"","lat":34.985141,"lng":135.761221},{"town":"東塩小路町","koaza":"","lat":34.987182,"lng":135.758744},{"town":"東塩小路向畑町","koaza":"","lat":34.986816,"lng":135.76252},{"town":"東玉水町","koaza":"","lat":34.990907,"lng":135.763204},{"town":"東大工町","koaza":"","lat":34.988208,"lng":135.754712},{"town":"東町","koaza":"","lat":34.988559,"lng":135.754859},{"town":"東之町","koaza":"","lat":34.984909,"lng":135.765504},{"town":"東前町","koaza":"","lat":35.001505,"lng":135.763533},{"town":"東松屋町","koaza":"","lat":34.992866,"lng":135.756184},{"town":"東若松町","koaza":"","lat":34.992145,"lng":135.756737},{"town":"樋口町","koaza":"","lat":34.998214,"lng":135.753729},{"town":"菱屋町","koaza":"","lat":34.989741,"lng":135.753382},{"town":"樋之下町","koaza":"","lat":34.998339,"lng":135.762233},{"town":"平居町","koaza":"","lat":34.994899,"lng":135.765993},{"town":"平岡町","koaza":"","lat":34.992171,"lng":135.766693},{"town":"平野町","koaza":"","lat":34.990957,"lng":135.756823},{"town":"平屋町","koaza":"","lat":34.996545,"lng":135.754778},{"town":"毘沙門町","koaza":"","lat":34.995732,"lng":135.755953},{"town":"深草町","koaza":"","lat":34.997093,"lng":135.761044},{"town":"福島町","koaza":"","lat":34.995485,"lng":135.761052},{"town":"福田寺町","koaza":"","lat":34.997997,"lng":135.762011},{"town":"福本町","koaza":"","lat":34.989816,"lng":135.755244},{"town":"藤本寄町","koaza":"","lat":35.003828,"lng":135.753386},{"town":"舟屋町","koaza":"","lat":34.99944,"lng":135.754436},{"town":"船鉾町","koaza":"","lat":35.001905,"lng":135.756768},{"town":"麓町","koaza":"","lat":34.999505,"lng":135.753642},{"town":"古御旅町","koaza":"","lat":34.985472,"lng":135.750234},{"town":"仏光寺西町","koaza":"","lat":35.001548,"lng":135.761718},{"town":"仏光寺東町","koaza":"","lat":35.001343,"lng":135.764775},{"town":"仏具屋町","koaza":"","lat":34.993733,"lng":135.760334},{"town":"弁財天町","koaza":"","lat":34.99825,"lng":135.75886},{"town":"骨屋町","koaza":"","lat":34.994034,"lng":135.762939},{"town":"堀詰町","koaza":"","lat":34.989783,"lng":135.761783},{"town":"堀之内町","koaza":"","lat":35.000068,"lng":135.755942},{"town":"堀之上町","koaza":"","lat":34.994083,"lng":135.74932},{"town":"本覚寺前町","koaza":"","lat":34.996075,"lng":135.765515},{"town":"本燈籠町","koaza":"","lat":34.998957,"lng":135.761976},{"town":"本柳水町","koaza":"","lat":35.000679,"lng":135.755182},{"town":"坊門町","koaza":"","lat":35.00048,"lng":135.748317},{"town":"坊門中之町","koaza":"","lat":34.986434,"lng":135.750208},{"town":"卜味金仏町","koaza":"","lat":34.994687,"lng":135.753604},{"town":"真苧屋町","koaza":"","lat":34.989107,"lng":135.760401},{"town":"升屋町","koaza":"","lat":34.993703,"lng":135.762575},{"town":"桝屋町","koaza":"","lat":34.999643,"lng":135.766204},{"town":"松川町","koaza":"","lat":34.998908,"lng":135.76759},{"town":"松原中之町","koaza":"","lat":34.998922,"lng":135.764763},{"town":"松本町","koaza":"","lat":34.987278,"lng":135.751629},{"town":"松屋町","koaza":"","lat":34.996317,"lng":135.760399},{"town":"万里小路町","koaza":"","lat":35.000661,"lng":135.7641},{"town":"丸屋町","koaza":"","lat":34.990937,"lng":135.753367},{"town":"万寿寺町","koaza":"","lat":34.996301,"lng":135.761829},{"town":"万寿寺中之町","koaza":"","lat":34.997622,"lng":135.761906},{"town":"御影堂町","koaza":"","lat":34.99551,"lng":135.766396},{"town":"御影町","koaza":"","lat":34.999418,"lng":135.756674},{"town":"御影堂前町","koaza":"","lat":34.996102,"lng":135.766565},{"town":"御方紺屋町","koaza":"","lat":34.987321,"lng":135.752563},{"town":"南夷町","koaza":"","lat":34.985827,"lng":135.750817},{"town":"南京極町","koaza":"","lat":34.994396,"lng":135.766226},{"town":"南橋詰町","koaza":"","lat":34.995518,"lng":135.767144},{"town":"南不動堂町","koaza":"","lat":34.986864,"lng":135.754145},{"town":"南町","koaza":"","lat":34.987749,"lng":135.754518},{"town":"南門前町","koaza":"","lat":34.996044,"lng":135.749408},{"town":"南八百屋町","koaza":"","lat":34.9884,"lng":135.751532},{"town":"美濃屋町","koaza":"","lat":34.999377,"lng":135.768974},{"town":"妙伝寺町","koaza":"","lat":35.003024,"lng":135.755086},{"town":"妙満寺町","koaza":"","lat":35.002432,"lng":135.751266},{"town":"元悪王子町","koaza":"","lat":35.002961,"lng":135.76107},{"town":"本上神明町","koaza":"","lat":34.998127,"lng":135.764741},{"town":"本塩竈町","koaza":"","lat":34.994497,"lng":135.764366},{"town":"本神明町","koaza":"","lat":34.99705,"lng":135.764568},{"town":"元両替町","koaza":"","lat":34.998235,"lng":135.758191},{"town":"紅葉町","koaza":"","lat":34.990955,"lng":135.754485},{"town":"文覚町","koaza":"","lat":34.989878,"lng":135.754484},{"town":"門前町","koaza":"","lat":34.991754,"lng":135.751332},{"town":"八百屋町","koaza":"","lat":34.995523,"lng":135.755436},{"town":"屋形町","koaza":"","lat":34.983782,"lng":135.76741},{"town":"薬園町","koaza":"","lat":34.99286,"lng":135.746357},{"town":"薬師前町","koaza":"","lat":34.999506,"lng":135.75944},{"town":"矢田町","koaza":"","lat":35.00234,"lng":135.755917},{"town":"八ツ柳町","koaza":"","lat":34.993397,"lng":135.767113},{"town":"柳町","koaza":"","lat":34.992095,"lng":135.754428},{"town":"藪下町","koaza":"","lat":34.998863,"lng":135.75594},{"town":"藪之内町","koaza":"","lat":34.995129,"lng":135.748566},{"town":"山川町","koaza":"","lat":34.992683,"lng":135.754883},{"town":"八幡町","koaza":"","lat":34.997153,"lng":135.755165},{"town":"夕顔町","koaza":"","lat":34.999568,"lng":135.763317},{"town":"要法寺町","koaza":"","lat":35.0018,"lng":135.752775},{"town":"横諏訪町","koaza":"","lat":34.9955,"lng":135.758846},{"town":"吉水町","koaza":"","lat":34.998254,"lng":135.760298},{"town":"万屋町","koaza":"","lat":34.991333,"lng":135.764323},{"town":"来迎堂町","koaza":"","lat":34.998987,"lng":135.75101},{"town":"若松町","koaza":"","lat":34.992749,"lng":135.762584},{"town":"若宮町","koaza":"","lat":34.988942,"lng":135.7663},{"town":"和気町","koaza":"","lat":34.98849,"lng":135.747452}]