[{"town":"瀬高町文廣","koaza":"","lat":"33.163429","lng":"130.481244"},{"town":"瀬高町大江","koaza":"","lat":"33.142985","lng":"130.478943"},{"town":"瀬高町太神","koaza":"","lat":"33.126393","lng":"130.475093"},{"town":"瀬高町大草","koaza":"","lat":"33.159122","lng":"130.514958"},{"town":"瀬高町大廣園","koaza":"","lat":"33.13648","lng":"130.490979"},{"town":"瀬高町小川","koaza":"","lat":"33.152687","lng":"130.483717"},{"town":"瀬高町小田","koaza":"","lat":"33.169498","lng":"130.52987"},{"town":"瀬高町上庄","koaza":"","lat":"33.16142","lng":"130.462257"},{"town":"瀬高町河内","koaza":"","lat":"33.121179","lng":"130.45628"},{"town":"瀬高町坂田","koaza":"","lat":"33.16325","lng":"130.496317"},{"town":"瀬高町下庄","koaza":"","lat":"33.150357","lng":"130.471558"},{"town":"瀬高町泰仙寺","koaza":"","lat":"33.130267","lng":"130.450536"},{"town":"瀬高町高柳","koaza":"","lat":"33.146324","lng":"130.459802"},{"town":"瀬高町長田","koaza":"","lat":"33.172774","lng":"130.50552"},{"town":"瀬高町濱田","koaza":"","lat":"33.131628","lng":"130.463304"},{"town":"瀬高町東津留","koaza":"","lat":"33.137772","lng":"130.457227"},{"town":"瀬高町廣瀬","koaza":"","lat":"33.177694","lng":"130.536082"},{"town":"瀬高町本郷","koaza":"","lat":"33.175192","lng":"130.481076"},{"town":"瀬高町松田","koaza":"","lat":"33.143689","lng":"130.493254"},{"town":"瀬高町本吉","koaza":"","lat":"33.149179","lng":"130.516063"},{"town":"瀬高町山門","koaza":"","lat":"33.151882","lng":"130.498219"},{"town":"高田町今福","koaza":"","lat":"33.110409","lng":"130.461254"},{"town":"高田町岩津","koaza":"","lat":"33.114515","lng":"130.47068"},{"town":"高田町永治","koaza":"","lat":"33.090062","lng":"130.432317"},{"town":"高田町江浦","koaza":"","lat":"33.107739","lng":"130.444788"},{"town":"高田町江浦町","koaza":"","lat":"33.113457","lng":"130.444307"},{"town":"高田町海津","koaza":"","lat":"33.12532","lng":"130.480536"},{"town":"高田町上楠田","koaza":"","lat":"33.094506","lng":"130.489198"},{"town":"高田町亀谷","koaza":"","lat":"33.096776","lng":"130.52647"},{"town":"高田町北新開","koaza":"","lat":"33.099217","lng":"130.447533"},{"town":"高田町黒崎開","koaza":"","lat":"33.089935","lng":"130.440708"},{"town":"高田町下楠田","koaza":"","lat":"33.096523","lng":"130.467148"},{"town":"高田町昭和開","koaza":"","lat":"33.08475","lng":"130.421163"},{"town":"高田町竹飯","koaza":"","lat":"33.120436","lng":"130.496495"},{"town":"高田町田尻","koaza":"","lat":"33.111346","lng":"130.485809"},{"town":"高田町田浦","koaza":"","lat":"33.106462","lng":"130.505554"},{"town":"高田町徳島","koaza":"","lat":"33.11423","lng":"130.437694"},{"town":"高田町濃施","koaza":"","lat":"33.100605","lng":"130.458637"},{"town":"高田町飯江","koaza":"","lat":"33.115181","lng":"130.507761"},{"town":"高田町原","koaza":"","lat":"33.107485","lng":"130.475092"},{"town":"高田町舞鶴","koaza":"","lat":"33.114571","lng":"130.519191"},{"town":"高田町南新開","koaza":"","lat":"33.092378","lng":"130.451327"},{"town":"山川町尾野","koaza":"","lat":"33.128984","lng":"130.507031"},{"town":"山川町河原内","koaza":"","lat":"33.14628","lng":"130.537507"},{"town":"山川町北関","koaza":"","lat":"33.092853","lng":"130.544041"},{"town":"山川町甲田","koaza":"","lat":"33.119695","lng":"130.543757"},{"town":"山川町重冨","koaza":"","lat":"33.106465","lng":"130.534834"},{"town":"山川町清水","koaza":"","lat":"33.138285","lng":"130.502686"},{"town":"山川町立山","koaza":"","lat":"33.130968","lng":"130.526033"},{"town":"山川町原町","koaza":"","lat":"33.11793","lng":"130.52522"},{"town":"山川町真弓","koaza":"","lat":"33.095048","lng":"130.555781"},{"town":"瀬高町下庄","koaza":"生竹","lat":"33.157216","lng":"130.475559"}]