[{"town":"明浜町狩浜","lat":"33.322711","lng":"132.461707"},{"town":"明浜町高山","lat":"33.322221","lng":"132.434691"},{"town":"明浜町田之浜","lat":"33.321714","lng":"132.386987"},{"town":"明浜町渡江","lat":"33.322509","lng":"132.478631"},{"town":"明浜町宮野浦","lat":"33.313825","lng":"132.412749"},{"town":"宇和町明間","lat":"33.347607","lng":"132.590278"},{"town":"宇和町明石","lat":"33.370500","lng":"132.531860"},{"town":"宇和町伊賀上","lat":"33.346851","lng":"132.503238"},{"town":"宇和町伊崎","lat":"33.395266","lng":"132.527558"},{"town":"宇和町稲生","lat":"33.360924","lng":"132.537630"},{"town":"宇和町伊延","lat":"33.420978","lng":"132.486850"},{"town":"宇和町岩木","lat":"33.397572","lng":"132.468793"},{"town":"宇和町卯之町一丁目","lat":"33.370793","lng":"132.513018"},{"town":"宇和町卯之町二丁目","lat":"33.364355","lng":"132.509161"},{"town":"宇和町卯之町三丁目","lat":"33.361999","lng":"132.511882"},{"town":"宇和町卯之町四丁目","lat":"33.361921","lng":"132.517636"},{"town":"宇和町卯之町五丁目","lat":"33.359487","lng":"132.523095"},{"town":"宇和町大江","lat":"33.408440","lng":"132.514204"},{"town":"宇和町岡山","lat":"33.419637","lng":"132.502186"},{"town":"宇和町小野田","lat":"33.367071","lng":"132.487071"},{"town":"宇和町小原","lat":"33.392714","lng":"132.483657"},{"town":"宇和町皆田","lat":"33.343535","lng":"132.534611"},{"town":"宇和町上松葉","lat":"33.380667","lng":"132.508201"},{"town":"宇和町加茂","lat":"33.398829","lng":"132.515325"},{"town":"宇和町河内","lat":"33.436646","lng":"132.498290"},{"town":"宇和町清沢","lat":"33.392976","lng":"132.495205"},{"town":"宇和町窪","lat":"33.392019","lng":"132.549563"},{"town":"宇和町久保","lat":"33.445798","lng":"132.516975"},{"town":"宇和町郷内","lat":"33.389475","lng":"132.457574"},{"town":"宇和町坂戸","lat":"33.390781","lng":"132.509925"},{"town":"宇和町さくら","lat":"33.375242","lng":"132.526596"},{"town":"宇和町下松葉","lat":"33.374804","lng":"132.506239"},{"town":"宇和町常定寺","lat":"33.389612","lng":"132.528232"},{"town":"宇和町新城","lat":"33.377685","lng":"132.538880"},{"town":"宇和町神領","lat":"33.363985","lng":"132.503861"},{"town":"宇和町瀬戸","lat":"33.417035","lng":"132.514488"},{"town":"宇和町田苗真土","lat":"33.404378","lng":"132.495287"},{"town":"宇和町田野中","lat":"33.413315","lng":"132.540160"},{"town":"宇和町永長","lat":"33.378890","lng":"132.494107"},{"town":"宇和町西山田","lat":"33.380384","lng":"132.467583"},{"town":"宇和町野田","lat":"33.354354","lng":"132.484880"},{"town":"宇和町信里","lat":"33.433025","lng":"132.532431"},{"town":"宇和町東多田","lat":"33.426516","lng":"132.514805"},{"town":"宇和町久枝","lat":"33.364880","lng":"132.496860"},{"town":"宇和町下川","lat":"33.348664","lng":"132.552837"},{"town":"宇和町ひまわり","lat":"33.370565","lng":"132.504707"},{"town":"宇和町平野","lat":"33.401262","lng":"132.548317"},{"town":"宇和町杢所","lat":"33.398940","lng":"132.497284"},{"town":"宇和町山田","lat":"33.355581","lng":"132.460575"},{"town":"宇和町れんげ","lat":"33.385520","lng":"132.498041"},{"town":"城川町魚成","lat":"33.370177","lng":"132.714281"},{"town":"城川町下相","lat":"33.365586","lng":"132.740657"},{"town":"城川町男河内","lat":"33.396295","lng":"132.723629"},{"town":"城川町嘉喜尾","lat":"33.398457","lng":"132.745119"},{"town":"城川町川津南","lat":"33.386338","lng":"132.828224"},{"town":"城川町窪野","lat":"33.411466","lng":"132.802651"},{"town":"城川町田穂","lat":"33.367892","lng":"132.682867"},{"town":"城川町高野子","lat":"33.365675","lng":"132.802047"},{"town":"城川町土居","lat":"33.390776","lng":"132.767973"},{"town":"城川町野井川","lat":"33.444086","lng":"132.798650"},{"town":"城川町古市","lat":"33.368472","lng":"132.767388"},{"town":"城川町遊子谷","lat":"33.425510","lng":"132.761754"},{"town":"野村町阿下","lat":"33.382599","lng":"132.670389"},{"town":"野村町旭","lat":"33.392007","lng":"132.586331"},{"town":"野村町大西","lat":"33.404010","lng":"132.669629"},{"town":"野村町大野ケ原","lat":"33.477995","lng":"132.872923"},{"town":"野村町片川","lat":"33.391168","lng":"132.627349"},{"town":"野村町釜川","lat":"33.393832","lng":"132.692056"},{"town":"野村町鎌田","lat":"33.405617","lng":"132.685342"},{"town":"野村町河西","lat":"33.364839","lng":"132.606310"},{"town":"野村町蔵良","lat":"33.405271","lng":"132.653389"},{"town":"野村町栗木","lat":"33.413117","lng":"132.699032"},{"town":"野村町小松","lat":"33.489616","lng":"132.822294"},{"town":"野村町坂石","lat":"33.410953","lng":"132.717843"},{"town":"野村町白髭","lat":"33.436814","lng":"132.570849"},{"town":"野村町四郎谷","lat":"33.383939","lng":"132.607002"},{"town":"野村町惣川","lat":"33.473556","lng":"132.795384"},{"town":"野村町高瀬","lat":"33.423177","lng":"132.633657"},{"town":"野村町鳥鹿野","lat":"33.410122","lng":"132.570017"},{"town":"野村町富野川","lat":"33.418495","lng":"132.610278"},{"town":"野村町長谷","lat":"33.380356","lng":"132.571802"},{"town":"野村町中通川","lat":"33.414631","lng":"132.667632"},{"town":"野村町西","lat":"33.419188","lng":"132.683598"},{"town":"野村町野村","lat":"33.361119","lng":"132.643658"},{"town":"野村町平野","lat":"33.399693","lng":"132.639734"},{"town":"野村町舟戸","lat":"33.460491","lng":"132.765725"},{"town":"野村町松溪","lat":"33.414851","lng":"132.589759"},{"town":"野村町予子林","lat":"33.430722","lng":"132.725793"},{"town":"三瓶町朝立","lat":"33.390770","lng":"132.432933"},{"town":"三瓶町安土","lat":"33.374246","lng":"132.417730"},{"town":"三瓶町有網代","lat":"33.368970","lng":"132.414275"},{"town":"三瓶町有太刀","lat":"33.365581","lng":"132.419377"},{"town":"三瓶町和泉","lat":"33.400000","lng":"132.438693"},{"town":"三瓶町蔵貫","lat":"33.347788","lng":"132.437710"},{"town":"三瓶町蔵貫浦","lat":"33.355120","lng":"132.423333"},{"town":"三瓶町鴫山","lat":"33.408622","lng":"132.420657"},{"town":"三瓶町下泊","lat":"33.335541","lng":"132.388593"},{"town":"三瓶町周木","lat":"33.375253","lng":"132.391980"},{"town":"三瓶町津布理","lat":"33.371711","lng":"132.432594"},{"town":"三瓶町長早","lat":"33.368954","lng":"132.392926"},{"town":"三瓶町二及","lat":"33.379323","lng":"132.402854"},{"town":"三瓶町垣生","lat":"33.389642","lng":"132.407718"},{"town":"三瓶町皆江","lat":"33.336715","lng":"132.413850"},{"town":"明浜町俵津","lat":"33.335128","lng":"132.482618"}]