[{"town":"五十崎","koaza":"","lat":"33.529722","lng":"132.643893"},{"town":"石畳","koaza":"","lat":"33.634296","lng":"132.630641"},{"town":"五百木","koaza":"","lat":"33.576987","lng":"132.692691"},{"town":"臼杵","koaza":"","lat":"33.622158","lng":"132.829911"},{"town":"内子","koaza":"","lat":"33.551735","lng":"132.647879"},{"town":"大久喜","koaza":"","lat":"33.511444","lng":"132.653901"},{"town":"大瀬北","koaza":"","lat":"33.619277","lng":"132.741281"},{"town":"大瀬中央","koaza":"","lat":"33.600222","lng":"132.734117"},{"town":"大瀬東","koaza":"","lat":"33.570163","lng":"132.747080"},{"town":"大瀬南","koaza":"","lat":"33.550678","lng":"132.725629"},{"town":"大平","koaza":"","lat":"33.599915","lng":"132.831293"},{"town":"小田","koaza":"","lat":"33.567192","lng":"132.805486"},{"town":"上川","koaza":"","lat":"33.575094","lng":"132.879540"},{"town":"上田渡","koaza":"","lat":"33.615092","lng":"132.789861"},{"town":"川中","koaza":"","lat":"33.607863","lng":"132.693532"},{"town":"河内","koaza":"","lat":"33.595467","lng":"132.635634"},{"town":"北表","koaza":"","lat":"33.516811","lng":"132.702996"},{"town":"重松","koaza":"","lat":"33.538867","lng":"132.684229"},{"town":"宿間","koaza":"","lat":"33.520668","lng":"132.672287"},{"town":"城廻","koaza":"","lat":"33.570936","lng":"132.666456"},{"town":"只海","koaza":"","lat":"33.532490","lng":"132.709069"},{"town":"立山","koaza":"","lat":"33.593800","lng":"132.667574"},{"town":"立石","koaza":"","lat":"33.557288","lng":"132.764617"},{"town":"知清","koaza":"","lat":"33.550979","lng":"132.662109"},{"town":"寺村","koaza":"","lat":"33.562785","lng":"132.794067"},{"town":"中川","koaza":"","lat":"33.544628","lng":"132.876868"},{"town":"中田渡","koaza":"","lat":"33.599165","lng":"132.790421"},{"town":"日野川","koaza":"","lat":"33.588188","lng":"132.813344"},{"town":"平岡","koaza":"","lat":"33.537550","lng":"132.664756"},{"town":"福岡","koaza":"","lat":"33.503095","lng":"132.672910"},{"town":"袋口","koaza":"","lat":"33.613837","lng":"132.647085"},{"town":"本川","koaza":"","lat":"33.565268","lng":"132.820646"},{"town":"南山","koaza":"","lat":"33.542980","lng":"132.789995"},{"town":"村前","koaza":"","lat":"33.556346","lng":"132.693023"},{"town":"山鳥坂","koaza":"","lat":"33.527502","lng":"132.726070"},{"town":"吉野川","koaza":"","lat":"33.589308","lng":"132.780460"},{"town":"論田","koaza":"","lat":"33.575515","lng":"132.645139"}]