[{"town":"相生町","koaza":"","lat":35.655513,"lng":136.06831},{"town":"挙野","koaza":"","lat":35.712706,"lng":136.096877},{"town":"曙町","koaza":"","lat":35.656973,"lng":136.076455},{"town":"阿曽","koaza":"","lat":35.719887,"lng":136.113831},{"town":"麻生口","koaza":"","lat":35.607731,"lng":136.127449},{"town":"莇生野","koaza":"","lat":35.63323,"lng":136.037022},{"town":"井川","koaza":"","lat":35.641599,"lng":136.102496},{"town":"池河内","koaza":"","lat":35.653939,"lng":136.138915},{"town":"泉ケ丘町","koaza":"","lat":35.642643,"lng":136.090528},{"town":"市野々町一丁目","koaza":"","lat":35.629658,"lng":136.052889},{"town":"市野々町二丁目","koaza":"","lat":35.623822,"lng":136.052024},{"town":"市橋","koaza":"","lat":35.597056,"lng":136.08489},{"town":"五幡","koaza":"","lat":35.702237,"lng":136.098358},{"town":"鋳物師町","koaza":"","lat":35.650107,"lng":136.054336},{"town":"色浜","koaza":"","lat":35.725691,"lng":136.026128},{"town":"獺河内","koaza":"","lat":35.667673,"lng":136.122921},{"town":"永大町","koaza":"","lat":35.656069,"lng":136.036302},{"town":"江良","koaza":"","lat":35.700969,"lng":136.085681},{"town":"追分","koaza":"","lat":35.590646,"lng":136.101904},{"town":"大蔵","koaza":"","lat":35.653546,"lng":136.090874},{"town":"大比田","koaza":"","lat":35.748128,"lng":136.108405},{"town":"岡山町一丁目","koaza":"","lat":35.630986,"lng":136.070854},{"town":"岡山町二丁目","koaza":"","lat":35.627155,"lng":136.07195},{"town":"奥麻生","koaza":"","lat":35.582173,"lng":136.150964},{"town":"奥野","koaza":"","lat":35.60448,"lng":136.10825},{"town":"小河","koaza":"","lat":35.626142,"lng":136.117029},{"town":"小河口","koaza":"","lat":35.607072,"lng":136.078603},{"town":"越坂","koaza":"","lat":35.674319,"lng":136.108265},{"town":"神楽町一丁目","koaza":"","lat":35.654029,"lng":136.071771},{"town":"神楽町二丁目","koaza":"","lat":35.653634,"lng":136.068619},{"town":"樫曲","koaza":"","lat":35.666398,"lng":136.099686},{"town":"金山","koaza":"","lat":35.628545,"lng":136.027354},{"town":"鉄輪町一丁目","koaza":"","lat":35.644128,"lng":136.074152},{"town":"鉄輪町二丁目","koaza":"","lat":35.645253,"lng":136.072105},{"town":"金ケ崎町","koaza":"","lat":35.663744,"lng":136.073797},{"town":"川北","koaza":"","lat":35.646458,"lng":136.119211},{"town":"川崎町","koaza":"","lat":35.658352,"lng":136.064176},{"town":"河原町","koaza":"","lat":35.649662,"lng":136.087101},{"town":"観音町","koaza":"","lat":35.631812,"lng":136.077836},{"town":"木崎","koaza":"","lat":35.641552,"lng":136.043202},{"town":"衣掛町","koaza":"","lat":35.629368,"lng":136.073971},{"town":"木ノ芽町","koaza":"","lat":35.641793,"lng":136.074802},{"town":"清水町一丁目","koaza":"","lat":35.651667,"lng":136.076761},{"town":"清水町二丁目","koaza":"","lat":35.648214,"lng":136.075964},{"town":"櫛川","koaza":"","lat":35.654669,"lng":136.042699},{"town":"櫛川町二丁目","koaza":"","lat":35.648999,"lng":136.04693},{"town":"櫛林","koaza":"","lat":35.62413,"lng":136.045594},{"town":"沓","koaza":"","lat":35.698619,"lng":136.030448},{"town":"沓見","koaza":"","lat":35.648688,"lng":136.014747},{"town":"国広町","koaza":"","lat":35.646547,"lng":136.078214},{"town":"公文名","koaza":"","lat":35.617264,"lng":136.054672},{"town":"呉竹町一丁目","koaza":"","lat":35.648597,"lng":136.060946},{"town":"呉竹町二丁目","koaza":"","lat":35.648181,"lng":136.057656},{"town":"呉羽町","koaza":"","lat":35.639579,"lng":136.055197},{"town":"古田刈","koaza":"","lat":35.630171,"lng":136.065194},{"town":"御名","koaza":"","lat":35.611931,"lng":136.048662},{"town":"栄新町","koaza":"","lat":35.658567,"lng":136.075145},{"town":"坂下","koaza":"","lat":35.630485,"lng":136.077045},{"town":"桜ケ丘町","koaza":"","lat":35.623278,"lng":136.03614},{"town":"桜町","koaza":"","lat":35.658983,"lng":136.071788},{"town":"沢","koaza":"","lat":35.625,"lng":136.039728},{"town":"泉","koaza":"","lat":35.664868,"lng":136.084445},{"town":"常宮","koaza":"","lat":35.699252,"lng":136.016527},{"town":"昭和町一丁目","koaza":"","lat":35.644337,"lng":136.062294},{"town":"昭和町二丁目","koaza":"","lat":35.639972,"lng":136.061344},{"town":"白木一丁目","koaza":"","lat":35.729819,"lng":135.976998},{"town":"白木二丁目","koaza":"","lat":35.737335,"lng":135.992472},{"town":"白銀町","koaza":"","lat":35.64736,"lng":136.072139},{"town":"新道","koaza":"","lat":35.586264,"lng":136.123293},{"town":"新保","koaza":"","lat":35.705708,"lng":136.137255},{"town":"新松島町","koaza":"","lat":35.647394,"lng":136.053911},{"town":"新和町一丁目","koaza":"","lat":35.631037,"lng":136.055623},{"town":"新和町二丁目","koaza":"","lat":35.627318,"lng":136.054183},{"town":"杉津","koaza":"","lat":35.733456,"lng":136.115267},{"town":"杉箸","koaza":"","lat":35.628017,"lng":136.147301},{"town":"砂流","koaza":"","lat":35.618877,"lng":136.04697},{"town":"関","koaza":"","lat":35.608873,"lng":136.017625},{"town":"曽々木","koaza":"","lat":35.611031,"lng":136.120074},{"town":"田結","koaza":"","lat":35.677814,"lng":136.095677},{"town":"高野","koaza":"","lat":35.639192,"lng":136.091568},{"town":"駄口","koaza":"","lat":35.565479,"lng":136.09402},{"town":"田尻","koaza":"","lat":35.694394,"lng":136.106913},{"town":"立石","koaza":"","lat":35.755815,"lng":136.023729},{"town":"谷","koaza":"","lat":35.631427,"lng":136.091147},{"town":"谷口","koaza":"","lat":35.651209,"lng":136.096454},{"town":"中央町一丁目","koaza":"","lat":35.644189,"lng":136.05816},{"town":"中央町二丁目","koaza":"","lat":35.643988,"lng":136.053215},{"town":"津内町一丁目","koaza":"","lat":35.652333,"lng":136.069519},{"town":"津内町二丁目","koaza":"","lat":35.649967,"lng":136.070322},{"town":"津内町三丁目","koaza":"","lat":35.646449,"lng":136.070561},{"town":"角鹿町","koaza":"","lat":35.654546,"lng":136.07798},{"town":"手","koaza":"","lat":35.706451,"lng":136.028325},{"town":"天筒町","koaza":"","lat":35.656207,"lng":136.080027},{"town":"堂","koaza":"","lat":35.623541,"lng":136.072264},{"town":"東洋町","koaza":"","lat":35.640147,"lng":136.067611},{"town":"刀根","koaza":"","lat":35.603874,"lng":136.151551},{"town":"中","koaza":"","lat":35.642457,"lng":136.086341},{"town":"長沢","koaza":"","lat":35.634911,"lng":136.069579},{"town":"長谷","koaza":"","lat":35.603926,"lng":136.039234},{"town":"名子","koaza":"","lat":35.671445,"lng":136.029022},{"town":"布田町","koaza":"","lat":35.638733,"lng":136.071904},{"town":"縄間","koaza":"","lat":35.682297,"lng":136.018322},{"town":"野神","koaza":"","lat":35.637115,"lng":136.060047},{"town":"野坂","koaza":"","lat":35.610449,"lng":136.0302},{"town":"羽織町","koaza":"","lat":35.63392,"lng":136.077801},{"town":"萩野町","koaza":"","lat":35.630204,"lng":136.045079},{"town":"鳩原","koaza":"","lat":35.618819,"lng":136.080227},{"town":"葉原","koaza":"","lat":35.69287,"lng":136.142358},{"town":"原","koaza":"","lat":35.657029,"lng":136.027743},{"town":"疋田","koaza":"","lat":35.599278,"lng":136.100276},{"town":"樋ノ水町","koaza":"","lat":35.6354,"lng":136.076574},{"town":"ひばりケ丘町","koaza":"","lat":35.620323,"lng":136.042779},{"town":"開町","koaza":"","lat":35.646668,"lng":136.068234},{"town":"深川町","koaza":"","lat":35.639144,"lng":136.083586},{"town":"深坂","koaza":"","lat":35.58434,"lng":136.098949},{"town":"藤ケ丘町","koaza":"","lat":35.655262,"lng":136.086775},{"town":"二村","koaza":"","lat":35.66936,"lng":136.038471},{"town":"平和町","koaza":"","lat":35.647846,"lng":136.049365},{"town":"蓬莱町","koaza":"","lat":35.658315,"lng":136.068305},{"town":"本町一丁目","koaza":"","lat":35.652472,"lng":136.073286},{"town":"本町二丁目","koaza":"","lat":35.649668,"lng":136.073069},{"town":"舞崎町","koaza":"","lat":35.651253,"lng":136.080622},{"town":"舞崎町二丁目","koaza":"","lat":35.649374,"lng":136.081635},{"town":"松栄町","koaza":"","lat":35.655397,"lng":136.061566},{"town":"松島町","koaza":"","lat":35.655225,"lng":136.058163},{"town":"松島町二丁目","koaza":"","lat":35.651478,"lng":136.059093},{"town":"松葉町","koaza":"","lat":35.651581,"lng":136.048256},{"town":"松原町","koaza":"","lat":35.65168,"lng":136.053661},{"town":"鞠山","koaza":"","lat":35.676441,"lng":136.082324},{"town":"三島町一丁目","koaza":"","lat":35.651667,"lng":136.064733},{"town":"三島町二丁目","koaza":"","lat":35.648914,"lng":136.06609},{"town":"三島町三丁目","koaza":"","lat":35.646412,"lng":136.065504},{"town":"道口","koaza":"","lat":35.626116,"lng":136.075485},{"town":"みどりケ丘町","koaza":"","lat":35.60828,"lng":136.062901},{"town":"港町","koaza":"","lat":35.660506,"lng":136.074015},{"town":"深山寺","koaza":"","lat":35.655691,"lng":136.099302},{"town":"明神町","koaza":"","lat":35.745918,"lng":136.009217},{"town":"元比田","koaza":"","lat":35.759394,"lng":136.10815},{"town":"元町","koaza":"","lat":35.656484,"lng":136.072537},{"town":"山","koaza":"","lat":35.56647,"lng":136.052353},{"town":"山泉","koaza":"","lat":35.620398,"lng":136.064997},{"town":"山中","koaza":"","lat":35.542501,"lng":136.095346},{"town":"結城町","koaza":"","lat":35.654484,"lng":136.064781},{"town":"横浜","koaza":"","lat":35.743998,"lng":136.116919},{"town":"余座","koaza":"","lat":35.652165,"lng":136.086597},{"town":"吉河","koaza":"","lat":35.636903,"lng":136.082242},{"town":"若泉町","koaza":"","lat":35.642379,"lng":136.080006},{"town":"若葉町一丁目","koaza":"","lat":35.634672,"lng":136.050225},{"town":"若葉町二丁目","koaza":"","lat":35.632051,"lng":136.050936},{"town":"若葉町三丁目","koaza":"","lat":35.629819,"lng":136.049826},{"town":"和久野","koaza":"","lat":35.628263,"lng":136.059155},{"town":"浦底","koaza":"","lat":35.73492,"lng":136.020503},{"town":"赤崎","koaza":"","lat":35.68791,"lng":136.0938}]