[{"town":"波野大字小園","koaza":"","lat":32.949229,"lng":131.230561},{"town":"波野大字赤仁田","koaza":"","lat":32.942861,"lng":131.236566},{"town":"波野大字小地野","koaza":"","lat":32.95809,"lng":131.203268},{"town":"波野大字中江","koaza":"","lat":32.918632,"lng":131.240539},{"town":"波野大字滝水","koaza":"","lat":32.935239,"lng":131.241224},{"town":"波野大字新波野","koaza":"","lat":32.925814,"lng":131.171019},{"town":"波野大字波野","koaza":"","lat":32.917418,"lng":131.197758},{"town":"赤水","koaza":"","lat":32.906022,"lng":131.021691},{"town":"赤水","koaza":"大堀","lat":32.913303,"lng":130.995878},{"town":"跡ケ瀬","koaza":"","lat":32.936635,"lng":131.001798},{"town":"一の宮町荻の草","koaza":"","lat":33.0331,"lng":131.145833},{"town":"一の宮町北坂梨","koaza":"","lat":32.953243,"lng":131.157169},{"town":"一の宮町坂梨","koaza":"","lat":32.914943,"lng":131.137463},{"town":"一の宮町三野","koaza":"","lat":32.984396,"lng":131.165101},{"town":"一の宮町手野","koaza":"","lat":33.005604,"lng":131.132612},{"town":"一の宮町中坂梨","koaza":"","lat":32.950487,"lng":131.13835},{"town":"一の宮町中通","koaza":"","lat":32.998752,"lng":131.109908},{"town":"一の宮町宮地","koaza":"","lat":32.921664,"lng":131.114016},{"town":"一の宮町宮地","koaza":"高田","lat":32.953885,"lng":131.124434},{"town":"今町","koaza":"","lat":32.966668,"lng":131.074077},{"town":"内牧","koaza":"","lat":32.967314,"lng":131.051093},{"town":"小倉","koaza":"","lat":32.984866,"lng":131.074512},{"town":"小里","koaza":"","lat":32.977646,"lng":131.038847},{"town":"乙姫","koaza":"","lat":32.918362,"lng":131.045129},{"town":"小野田","koaza":"","lat":32.967681,"lng":131.086651},{"town":"狩尾","koaza":"","lat":32.967313,"lng":130.996617},{"town":"蔵原","koaza":"","lat":32.930924,"lng":131.088456},{"town":"蔵原","koaza":"向田","lat":32.93617,"lng":131.086909},{"town":"車帰","koaza":"","lat":32.922291,"lng":130.970354},{"town":"黒川","koaza":"","lat":32.92246,"lng":131.062347},{"town":"黒流町","koaza":"","lat":32.966312,"lng":131.0673},{"town":"小池","koaza":"","lat":32.983009,"lng":131.06317},{"town":"竹原","koaza":"","lat":32.920948,"lng":131.095241},{"town":"永草","koaza":"","lat":32.918371,"lng":131.024191},{"town":"西小園","koaza":"","lat":32.981176,"lng":131.017514},{"town":"西町","koaza":"","lat":32.931184,"lng":131.100756},{"town":"西湯浦","koaza":"","lat":33.005393,"lng":130.998999},{"town":"的石","koaza":"","lat":32.95062,"lng":130.97038},{"town":"三久保","koaza":"","lat":32.965832,"lng":131.024901},{"town":"南宮原","koaza":"","lat":32.98781,"lng":131.053462},{"town":"無田","koaza":"","lat":32.912852,"lng":130.983462},{"town":"役犬原","koaza":"","lat":32.955121,"lng":131.092146},{"town":"山田","koaza":"","lat":33.00616,"lng":131.08137},{"town":"湯浦","koaza":"","lat":33.004754,"lng":131.054062}]