[{"town":"朝山町朝倉","koaza":"","lat":"35.247624","lng":"132.559911"},{"town":"朝山町仙山","koaza":"","lat":"35.254780","lng":"132.576529"},{"town":"五十猛町","koaza":"","lat":"35.180971","lng":"132.433506"},{"town":"大代町大家","koaza":"","lat":"35.042510","lng":"132.407184"},{"town":"大代町新屋","koaza":"","lat":"35.040681","lng":"132.431321"},{"town":"大田町大田","koaza":"","lat":"35.187392","lng":"132.519900"},{"town":"大田町野城","koaza":"","lat":"35.182002","lng":"132.552827"},{"town":"大田町吉永","koaza":"","lat":"35.180137","lng":"132.499252"},{"town":"大森町","koaza":"","lat":"35.109284","lng":"132.452959"},{"town":"大屋町大国","koaza":"","lat":"35.144868","lng":"132.443227"},{"town":"大屋町大屋","koaza":"","lat":"35.156803","lng":"132.442154"},{"town":"大屋町鬼村","koaza":"","lat":"35.165393","lng":"132.460653"},{"town":"川合町忍原","koaza":"","lat":"35.117551","lng":"132.518426"},{"town":"川合町川合","koaza":"","lat":"35.143652","lng":"132.519946"},{"town":"川合町吉永","koaza":"","lat":"35.166574","lng":"132.508072"},{"town":"久手町刺鹿","koaza":"","lat":"35.216040","lng":"132.537803"},{"town":"久手町波根西","koaza":"","lat":"35.228203","lng":"132.525200"},{"town":"久利町市原","koaza":"","lat":"35.134624","lng":"132.470811"},{"town":"久利町久利","koaza":"","lat":"35.156074","lng":"132.476942"},{"town":"久利町佐摩","koaza":"","lat":"35.141900","lng":"132.459612"},{"town":"久利町戸蔵","koaza":"","lat":"35.132611","lng":"132.484502"},{"town":"久利町松代","koaza":"","lat":"35.163879","lng":"132.486475"},{"town":"久利町行恒","koaza":"","lat":"35.172861","lng":"132.495858"},{"town":"三瓶町池田","koaza":"","lat":"35.135899","lng":"132.585249"},{"town":"三瓶町上山","koaza":"","lat":"35.105470","lng":"132.653631"},{"town":"三瓶町小屋原","koaza":"","lat":"35.154460","lng":"132.596289"},{"town":"三瓶町志学","koaza":"","lat":"35.115124","lng":"132.627799"},{"town":"三瓶町多根","koaza":"","lat":"35.172681","lng":"132.604662"},{"town":"三瓶町野城","koaza":"","lat":"35.172113","lng":"132.571881"},{"town":"静間町","koaza":"","lat":"35.195296","lng":"132.460528"},{"town":"祖式町","koaza":"","lat":"35.057544","lng":"132.458093"},{"town":"富山町神原","koaza":"","lat":"35.226626","lng":"132.571220"},{"town":"富山町才坂","koaza":"","lat":"35.203421","lng":"132.601786"},{"town":"富山町山中","koaza":"","lat":"35.210005","lng":"132.562454"},{"town":"鳥井町鳥井","koaza":"","lat":"35.217257","lng":"132.483127"},{"town":"鳥井町鳥越","koaza":"","lat":"35.219230","lng":"132.499502"},{"town":"長久町稲用","koaza":"","lat":"35.182947","lng":"132.483833"},{"town":"長久町土江","koaza":"","lat":"35.192064","lng":"132.481906"},{"town":"長久町長久","koaza":"","lat":"35.203772","lng":"132.490077"},{"town":"長久町延里","koaza":"","lat":"35.175441","lng":"132.474764"},{"town":"仁摩町天河内","koaza":"","lat":"35.132865","lng":"132.403229"},{"town":"仁摩町大国","koaza":"","lat":"35.119927","lng":"132.422146"},{"town":"仁摩町宅野","koaza":"","lat":"35.162986","lng":"132.414731"},{"town":"仁摩町仁万","koaza":"","lat":"35.152228","lng":"132.408176"},{"town":"仁摩町馬路","koaza":"","lat":"35.123854","lng":"132.389363"},{"town":"波根町","koaza":"","lat":"35.239090","lng":"132.542921"},{"town":"水上町荻原","koaza":"","lat":"35.106033","lng":"132.489815"},{"town":"水上町白坏","koaza":"","lat":"35.078335","lng":"132.463162"},{"town":"水上町福原","koaza":"","lat":"35.092231","lng":"132.469193"},{"town":"水上町三久須","koaza":"","lat":"35.083747","lng":"132.442070"},{"town":"山口町佐津目","koaza":"","lat":"35.196182","lng":"132.647507"},{"town":"山口町山口","koaza":"","lat":"35.165514","lng":"132.640488"},{"town":"温泉津町井田","koaza":"","lat":"35.036140","lng":"132.371624"},{"town":"温泉津町今浦","koaza":"","lat":"35.071169","lng":"132.322495"},{"town":"温泉津町太田","koaza":"","lat":"35.035395","lng":"132.394400"},{"town":"温泉津町荻村","koaza":"","lat":"35.055690","lng":"132.394265"},{"town":"温泉津町上村","koaza":"","lat":"35.070997","lng":"132.365958"},{"town":"温泉津町小浜","koaza":"","lat":"35.089131","lng":"132.354901"},{"town":"温泉津町西田","koaza":"","lat":"35.084334","lng":"132.400938"},{"town":"温泉津町飯原","koaza":"","lat":"35.080199","lng":"132.378594"},{"town":"温泉津町福田","koaza":"","lat":"35.015877","lng":"132.390954"},{"town":"温泉津町福光","koaza":"","lat":"35.071943","lng":"132.337436"},{"town":"温泉津町湯里","koaza":"","lat":"35.106535","lng":"132.380744"},{"town":"温泉津町温泉津","koaza":"","lat":"35.101962","lng":"132.352068"},{"town":"温泉津町吉浦","koaza":"","lat":"35.060620","lng":"132.322380"}]