[{"town":"今釜町","koaza":"","lat":32.113828,"lng":130.324091},{"town":"浦田町","koaza":"","lat":32.093082,"lng":130.309538},{"town":"大野原町","koaza":"","lat":32.072172,"lng":130.329226},{"town":"上大川内","koaza":"","lat":32.076597,"lng":130.466009},{"town":"上鯖渕","koaza":"","lat":32.090772,"lng":130.381783},{"town":"上知識町","koaza":"","lat":32.082622,"lng":130.336858},{"town":"黄金町","koaza":"","lat":32.099552,"lng":130.348689},{"town":"五万石町","koaza":"","lat":32.07055,"lng":130.344403},{"town":"米ノ津町","koaza":"","lat":32.123063,"lng":130.338425},{"town":"境町","koaza":"","lat":32.146679,"lng":130.368072},{"town":"汐見町","koaza":"","lat":32.107649,"lng":130.313626},{"town":"下大川内","koaza":"","lat":32.047996,"lng":130.429408},{"town":"下鯖町","koaza":"","lat":32.120884,"lng":130.347903},{"town":"下知識町","koaza":"","lat":32.102286,"lng":130.329134},{"town":"荘","koaza":"","lat":32.101575,"lng":130.277927},{"town":"昭和町","koaza":"","lat":32.088696,"lng":130.354186},{"town":"住吉町","koaza":"","lat":32.121144,"lng":130.328559},{"town":"高尾野町江内","koaza":"","lat":32.101284,"lng":130.249516},{"town":"高尾野町大久保","koaza":"","lat":32.050404,"lng":130.319183},{"town":"高尾野町上水流","koaza":"","lat":32.080453,"lng":130.302702},{"town":"高尾野町唐笠木","koaza":"","lat":32.074205,"lng":130.291482},{"town":"高尾野町柴引","koaza":"","lat":32.026955,"lng":130.310162},{"town":"高尾野町下水流","koaza":"","lat":32.095058,"lng":130.29553},{"town":"高尾野町下高尾野","koaza":"","lat":32.053006,"lng":130.287391},{"town":"武本","koaza":"","lat":32.027536,"lng":130.37502},{"town":"知識町","koaza":"","lat":32.091288,"lng":130.333149},{"town":"中央町","koaza":"","lat":32.082966,"lng":130.349261},{"town":"西出水町","koaza":"","lat":32.073149,"lng":130.337715},{"town":"野田町上名","koaza":"","lat":32.023293,"lng":130.279371},{"town":"野田町下名","koaza":"","lat":32.069359,"lng":130.264942},{"town":"福ノ江町","koaza":"","lat":32.101123,"lng":130.317427},{"town":"麓町","koaza":"","lat":32.074802,"lng":130.360029},{"town":"文化町","koaza":"","lat":32.095085,"lng":130.340376},{"town":"平和町","koaza":"","lat":32.088853,"lng":130.322884},{"town":"本町","koaza":"","lat":32.077399,"lng":130.356226},{"town":"緑町","koaza":"","lat":32.093337,"lng":130.350455},{"town":"美原町","koaza":"","lat":32.111863,"lng":130.362045},{"town":"明神町","koaza":"","lat":32.112689,"lng":130.334614},{"town":"向江町","koaza":"","lat":32.076672,"lng":130.349872},{"town":"六月田町","koaza":"","lat":32.109209,"lng":130.34265}]