[{"town":"笠利町大字宇宿","koaza":"","lat":28.455927,"lng":129.709246},{"town":"笠利町大字笠利","koaza":"","lat":28.487978,"lng":129.689619},{"town":"笠利町大字川上","koaza":"","lat":28.483088,"lng":129.668852},{"town":"笠利町大字喜瀬","koaza":"","lat":28.439336,"lng":129.656413},{"town":"笠利町大字里","koaza":"","lat":28.449841,"lng":129.688877},{"town":"笠利町大字佐仁","koaza":"","lat":28.512498,"lng":129.674576},{"town":"笠利町大字須野","koaza":"","lat":28.468011,"lng":129.70308},{"town":"笠利町大字節田","koaza":"","lat":28.421741,"lng":129.693463},{"town":"笠利町大字外金久","koaza":"","lat":28.463863,"lng":129.677979},{"town":"笠利町大字平","koaza":"","lat":28.416056,"lng":129.673025},{"town":"笠利町大字手花部","koaza":"","lat":28.444433,"lng":129.673877},{"town":"笠利町大字中金久","koaza":"","lat":28.444548,"lng":129.68213},{"town":"笠利町大字辺留","koaza":"","lat":28.478575,"lng":129.694621},{"town":"笠利町大字万屋","koaza":"","lat":28.442409,"lng":129.704353},{"town":"笠利町大字屋仁","koaza":"","lat":28.497607,"lng":129.65568},{"town":"笠利町大字用","koaza":"","lat":28.515137,"lng":129.688136},{"town":"笠利町大字用安","koaza":"","lat":28.405818,"lng":129.649109},{"town":"笠利町大字和野","koaza":"","lat":28.430063,"lng":129.703142},{"town":"住用町大字石原","koaza":"","lat":28.258852,"lng":129.42754},{"town":"住用町大字市","koaza":"","lat":28.215142,"lng":129.453711},{"town":"住用町大字神屋","koaza":"","lat":28.287556,"lng":129.389863},{"town":"住用町大字川内","koaza":"","lat":28.309388,"lng":129.421758},{"town":"住用町大字城","koaza":"","lat":28.313355,"lng":129.458682},{"town":"住用町大字摺勝","koaza":"","lat":28.304489,"lng":129.442675},{"town":"住用町大字西仲間","koaza":"","lat":28.266092,"lng":129.405346},{"town":"住用町大字東仲間","koaza":"","lat":28.288986,"lng":129.426663},{"town":"住用町大字見里","koaza":"","lat":28.27828,"lng":129.440863},{"town":"住用町大字役勝","koaza":"","lat":28.23817,"lng":129.372746},{"town":"住用町大字山間","koaza":"","lat":28.220698,"lng":129.415773},{"town":"住用町大字和瀬","koaza":"","lat":28.298842,"lng":129.477177},{"town":"名瀬朝仁新町","koaza":"","lat":28.396417,"lng":129.485419},{"town":"名瀬朝仁町","koaza":"","lat":28.398802,"lng":129.48229},{"town":"名瀬朝日町","koaza":"","lat":28.397354,"lng":129.527994},{"town":"名瀬有屋町","koaza":"","lat":28.392237,"lng":129.528958},{"town":"名瀬安勝町","koaza":"","lat":28.375147,"lng":129.501845},{"town":"名瀬石橋町","koaza":"","lat":28.37431,"lng":129.498639},{"town":"名瀬伊津部","koaza":"","lat":28.374086,"lng":129.50646},{"town":"名瀬伊津部町","koaza":"","lat":28.377944,"lng":129.497773},{"town":"名瀬井根町","koaza":"","lat":28.376155,"lng":129.490328},{"town":"名瀬入舟町","koaza":"","lat":28.381814,"lng":129.494935},{"town":"名瀬浦上町","koaza":"","lat":28.393429,"lng":129.533829},{"town":"名瀬大字朝戸","koaza":"","lat":28.330384,"lng":129.483207},{"town":"名瀬大字朝仁","koaza":"","lat":28.396241,"lng":129.479912},{"town":"名瀬大字芦花部","koaza":"","lat":28.430584,"lng":129.542344},{"town":"名瀬大字有屋","koaza":"","lat":28.374177,"lng":129.514545},{"town":"名瀬大字有良","koaza":"","lat":28.430708,"lng":129.528108},{"town":"名瀬大字伊津部勝","koaza":"","lat":28.340494,"lng":129.514085},{"town":"名瀬大字浦上","koaza":"","lat":28.386849,"lng":129.543969},{"town":"名瀬大字金久","koaza":"","lat":28.380521,"lng":129.485225},{"town":"名瀬大字小宿","koaza":"","lat":28.383159,"lng":129.467787},{"town":"名瀬大字小湊","koaza":"","lat":28.309089,"lng":129.519793},{"town":"名瀬大字崎原","koaza":"","lat":28.339631,"lng":129.545078},{"town":"名瀬大字大熊","koaza":"","lat":28.413352,"lng":129.51932},{"town":"名瀬大字知名瀬","koaza":"","lat":28.369473,"lng":129.448616},{"town":"名瀬大字仲勝","koaza":"","lat":28.375035,"lng":129.52631},{"town":"名瀬大字名瀬勝","koaza":"","lat":28.330652,"lng":129.524521},{"town":"名瀬大字西仲勝","koaza":"","lat":28.319143,"lng":129.509763},{"town":"名瀬大字根瀬部","koaza":"","lat":28.376307,"lng":129.426924},{"town":"名瀬春日町","koaza":"","lat":28.366252,"lng":129.504713},{"town":"名瀬金久町","koaza":"","lat":28.380331,"lng":129.491746},{"town":"名瀬久里町","koaza":"","lat":28.373709,"lng":129.496851},{"town":"名瀬小浜町","koaza":"","lat":28.383364,"lng":129.502435},{"town":"名瀬小俣町","koaza":"","lat":28.369925,"lng":129.502233},{"town":"名瀬幸町","koaza":"","lat":28.378863,"lng":129.493252},{"town":"名瀬佐大熊町","koaza":"","lat":28.391461,"lng":129.506104},{"town":"名瀬末広町","koaza":"","lat":28.378414,"lng":129.495407},{"town":"名瀬大熊町","koaza":"","lat":28.402798,"lng":129.522735},{"town":"名瀬仲勝町","koaza":"","lat":28.38794,"lng":129.527141},{"town":"名瀬永田町","koaza":"","lat":28.374363,"lng":129.492123},{"town":"名瀬長浜町","koaza":"","lat":28.396309,"lng":129.493543},{"town":"名瀬鳩浜町","koaza":"","lat":28.399181,"lng":129.520568},{"town":"名瀬浜里町","koaza":"","lat":28.398887,"lng":129.472483},{"town":"名瀬平田町","koaza":"","lat":28.355079,"lng":129.49981},{"town":"名瀬平松町","koaza":"","lat":28.39959,"lng":129.46845},{"town":"名瀬古田町","koaza":"","lat":28.369358,"lng":129.497473},{"town":"名瀬真名津町","koaza":"","lat":28.364266,"lng":129.497588},{"town":"名瀬港町","koaza":"","lat":28.380562,"lng":129.496018},{"town":"名瀬柳町","koaza":"","lat":28.379729,"lng":129.488751},{"town":"名瀬矢之脇町","koaza":"","lat":28.383995,"lng":129.49167},{"town":"名瀬和光町","koaza":"","lat":28.387036,"lng":129.519314},{"town":"名瀬塩浜町","koaza":"","lat":28.387511,"lng":129.493453}]