[{"town":"安城","koaza":"","lat":"30.631215","lng":"131.034985"},{"town":"安納","koaza":"","lat":"30.742813","lng":"131.060012"},{"town":"池田","koaza":"","lat":"30.730174","lng":"130.994851"},{"town":"伊関","koaza":"","lat":"30.781252","lng":"131.065381"},{"town":"鴨女町","koaza":"","lat":"30.724897","lng":"130.994892"},{"town":"国上","koaza":"","lat":"30.804641","lng":"131.047552"},{"town":"現和","koaza":"","lat":"30.699187","lng":"131.052780"},{"town":"栄町","koaza":"","lat":"30.729752","lng":"130.993431"},{"town":"桜が丘","koaza":"","lat":"30.737935","lng":"131.006270"},{"town":"住吉","koaza":"","lat":"30.666313","lng":"130.965114"},{"town":"天神町","koaza":"","lat":"30.727702","lng":"130.995129"},{"town":"西之表","koaza":"","lat":"30.730970","lng":"131.020729"},{"town":"西町","koaza":"","lat":"30.733326","lng":"130.994598"},{"town":"東町","koaza":"","lat":"30.730641","lng":"130.995858"},{"town":"古田","koaza":"","lat":"30.655605","lng":"131.002872"},{"town":"馬毛島","koaza":"","lat":"30.745374","lng":"130.854491"},{"town":"西之表","koaza":"大園","lat":"30.721179","lng":"130.996656"}]