[{"town":"硫黄島","koaza":"","lat":24.779258,"lng":141.319783,"zip":"1002100"},{"town":"沖ノ鳥島","koaza":"","lat":20.425604,"lng":136.081143,"zip":"1002100"},{"town":"母島","koaza":"","lat":26.660128,"lng":142.155764,"zip":"1002211"},{"town":"父島","koaza":"","lat":27.071244,"lng":142.209608,"zip":"1002101"},{"town":"聟島","koaza":"","lat":27.680008,"lng":142.142874,"zip":"1002100"},{"town":"南鳥島","koaza":"","lat":24.28917,"lng":153.980589,"zip":"1002100"},{"town":"西之島","koaza":"","lat":27.247,"lng":140.876291,"zip":"1002100"}]