[{"town":"三日月町三ヶ島","koaza":"","lat":33.280773,"lng":130.22893},{"town":"芦刈町芦溝","koaza":"","lat":33.237635,"lng":130.214574},{"town":"芦刈町下古賀","koaza":"","lat":33.215906,"lng":130.224856},{"town":"芦刈町道免","koaza":"","lat":33.216445,"lng":130.216743},{"town":"芦刈町永田","koaza":"","lat":33.206449,"lng":130.208149},{"town":"芦刈町浜枝川","koaza":"","lat":33.235227,"lng":130.198628},{"town":"芦刈町三王崎","koaza":"","lat":33.221975,"lng":130.203448},{"town":"牛津町牛津","koaza":"","lat":33.244583,"lng":130.203352},{"town":"牛津町乙柳","koaza":"","lat":33.264711,"lng":130.207714},{"town":"牛津町柿樋瀬","koaza":"","lat":33.252019,"lng":130.210881},{"town":"牛津町勝","koaza":"","lat":33.258149,"lng":130.198495},{"town":"牛津町上砥川","koaza":"","lat":33.240752,"lng":130.179268},{"town":"牛津町下砥川","koaza":"","lat":33.227488,"lng":130.183147},{"town":"小城町","koaza":"","lat":33.293299,"lng":130.19726},{"town":"小城町池上","koaza":"","lat":33.266586,"lng":130.181704},{"town":"小城町岩蔵","koaza":"","lat":33.322681,"lng":130.184576},{"town":"小城町栗原","koaza":"","lat":33.28161,"lng":130.17723},{"town":"小城町畑田","koaza":"","lat":33.307016,"lng":130.178809},{"town":"小城町晴気","koaza":"","lat":33.300819,"lng":130.169746},{"town":"小城町船田","koaza":"","lat":33.278736,"lng":130.186014},{"town":"小城町松尾","koaza":"","lat":33.318272,"lng":130.20946},{"town":"三日月町石木","koaza":"","lat":33.272613,"lng":130.202231},{"town":"三日月町織島","koaza":"","lat":33.312379,"lng":130.220977},{"town":"三日月町金田","koaza":"","lat":33.258178,"lng":130.233807},{"town":"三日月町久米","koaza":"","lat":33.285747,"lng":130.205711},{"town":"三日月町甲柳原","koaza":"","lat":33.273921,"lng":130.209129},{"town":"三日月町長神田","koaza":"","lat":33.281684,"lng":130.214408},{"town":"三日月町長神田","koaza":"大寺","lat":33.278264,"lng":130.215471},{"town":"三日月町樋口","koaza":"","lat":33.26126,"lng":130.222213},{"town":"三日月町堀江","koaza":"","lat":33.270069,"lng":130.236178},{"town":"三日月町道辺","koaza":"","lat":33.285007,"lng":130.235884}]