[{"town":"粟井谷","lat":"34.927780","lng":"133.760210"},{"town":"案田","lat":"34.907833","lng":"133.815329"},{"town":"井原","lat":"34.896386","lng":"133.756221"},{"town":"上田西","lat":"34.882651","lng":"133.811590"},{"town":"上田東","lat":"34.895387","lng":"133.835717"},{"town":"上野","lat":"34.844450","lng":"133.775017"},{"town":"円城","lat":"34.891440","lng":"133.807737"},{"town":"大木","lat":"34.905536","lng":"133.779102"},{"town":"尾原","lat":"34.908904","lng":"133.737262"},{"town":"上加茂","lat":"34.844753","lng":"133.805954"},{"town":"上竹","lat":"34.837577","lng":"133.664187"},{"town":"加茂市場","lat":"34.861581","lng":"133.760656"},{"town":"神瀬","lat":"34.915265","lng":"133.841966"},{"town":"北","lat":"34.811651","lng":"133.706137"},{"town":"黒土","lat":"34.853225","lng":"133.706163"},{"town":"黒山","lat":"34.795110","lng":"133.765604"},{"town":"小森","lat":"34.929634","lng":"133.808791"},{"town":"笹目","lat":"34.918714","lng":"133.721002"},{"town":"下加茂","lat":"34.861590","lng":"133.817298"},{"town":"下土井","lat":"34.881217","lng":"133.764334"},{"town":"杉谷","lat":"34.942692","lng":"133.755180"},{"town":"岨谷","lat":"34.773173","lng":"133.701176"},{"town":"高富","lat":"34.919066","lng":"133.823881"},{"town":"高谷","lat":"34.857819","lng":"133.775496"},{"town":"竹荘","lat":"34.864677","lng":"133.678553"},{"town":"竹部","lat":"34.824504","lng":"133.782444"},{"town":"田土","lat":"34.862175","lng":"133.729311"},{"town":"富永","lat":"34.881838","lng":"133.750784"},{"town":"豊岡上","lat":"34.911004","lng":"133.763241"},{"town":"豊岡下","lat":"34.923386","lng":"133.781549"},{"town":"豊野","lat":"34.882886","lng":"133.710810"},{"town":"西","lat":"34.800417","lng":"133.676780"},{"town":"納地","lat":"34.831711","lng":"133.696471"},{"town":"平岡","lat":"34.849114","lng":"133.790746"},{"town":"広面","lat":"34.826997","lng":"133.806725"},{"town":"福沢","lat":"34.934999","lng":"133.729273"},{"town":"船津","lat":"34.941430","lng":"133.832950"},{"town":"細田","lat":"34.895787","lng":"133.781021"},{"town":"溝部","lat":"34.942250","lng":"133.737578"},{"town":"三谷","lat":"34.908881","lng":"133.795695"},{"town":"三納谷","lat":"34.883799","lng":"133.777922"},{"town":"美原","lat":"34.870582","lng":"133.775042"},{"town":"宮地","lat":"34.782146","lng":"133.685626"},{"town":"湯山","lat":"34.841361","lng":"133.725634"},{"town":"吉川","lat":"34.819385","lng":"133.746059"},{"town":"和田","lat":"34.890438","lng":"133.738843"}]