[{"town":"掛合町穴見","lat":"35.179111","lng":"132.762900"},{"town":"掛合町入間","lat":"35.151043","lng":"132.787945"},{"town":"掛合町掛合","lat":"35.190224","lng":"132.814092"},{"town":"掛合町多根","lat":"35.240143","lng":"132.804493"},{"town":"掛合町波多","lat":"35.142960","lng":"132.737980"},{"town":"掛合町松笠","lat":"35.204575","lng":"132.785222"},{"town":"加茂町猪尾","lat":"35.355993","lng":"132.901892"},{"town":"加茂町岩倉","lat":"35.366836","lng":"132.893942"},{"town":"加茂町宇治","lat":"35.343083","lng":"132.904280"},{"town":"加茂町大崎","lat":"35.355457","lng":"132.894574"},{"town":"加茂町大竹","lat":"35.353822","lng":"132.872831"},{"town":"加茂町加茂中","lat":"35.348253","lng":"132.910774"},{"town":"加茂町神原","lat":"35.341084","lng":"132.882282"},{"town":"加茂町新宮","lat":"35.355708","lng":"132.912169"},{"town":"加茂町砂子原","lat":"35.361448","lng":"132.927598"},{"town":"加茂町大西","lat":"35.334337","lng":"132.916999"},{"town":"加茂町立原","lat":"35.328723","lng":"132.929103"},{"town":"加茂町近松","lat":"35.326786","lng":"132.921824"},{"town":"加茂町延野","lat":"35.351823","lng":"132.887060"},{"town":"加茂町東谷","lat":"35.365522","lng":"132.911934"},{"town":"加茂町三代","lat":"35.328424","lng":"132.889063"},{"town":"加茂町南加茂","lat":"35.330442","lng":"132.908776"},{"town":"木次町宇谷","lat":"35.283319","lng":"132.944060"},{"town":"木次町上熊谷","lat":"35.270532","lng":"132.894521"},{"town":"木次町木次","lat":"35.288688","lng":"132.907959"},{"town":"木次町北原","lat":"35.233255","lng":"132.955828"},{"town":"木次町里方","lat":"35.306005","lng":"132.904230"},{"town":"木次町下熊谷","lat":"35.287824","lng":"132.890576"},{"town":"木次町寺領","lat":"35.273580","lng":"132.936543"},{"town":"木次町新市","lat":"35.286976","lng":"132.897664"},{"town":"木次町西日登","lat":"35.260582","lng":"132.909593"},{"town":"木次町東日登","lat":"35.265513","lng":"132.929548"},{"town":"木次町平田","lat":"35.215049","lng":"132.936329"},{"town":"木次町山方","lat":"35.306152","lng":"132.915604"},{"town":"木次町湯村","lat":"35.227679","lng":"132.929696"},{"town":"大東町飯田","lat":"35.320495","lng":"132.956774"},{"town":"大東町遠所","lat":"35.357414","lng":"132.959748"},{"town":"大東町大ケ谷","lat":"35.302715","lng":"132.951407"},{"town":"大東町岡村","lat":"35.302561","lng":"132.962695"},{"town":"大東町小河内","lat":"35.337932","lng":"133.046938"},{"town":"大東町金成","lat":"35.309435","lng":"132.981676"},{"town":"大東町上久野","lat":"35.265324","lng":"133.047253"},{"town":"大東町上佐世","lat":"35.308169","lng":"132.934721"},{"town":"大東町刈畑","lat":"35.315808","lng":"133.045445"},{"town":"大東町川井","lat":"35.287859","lng":"132.982467"},{"town":"大東町北村","lat":"35.343764","lng":"133.016807"},{"town":"大東町薦澤","lat":"35.370011","lng":"133.029445"},{"town":"大東町山王寺","lat":"35.362328","lng":"133.008904"},{"town":"大東町塩田","lat":"35.291698","lng":"133.041373"},{"town":"大東町篠淵","lat":"35.291739","lng":"133.012863"},{"town":"大東町下阿用","lat":"35.314016","lng":"132.967476"},{"town":"大東町下久野","lat":"35.261728","lng":"132.999227"},{"town":"大東町下佐世","lat":"35.317541","lng":"132.943915"},{"town":"大東町新庄","lat":"35.337231","lng":"132.995139"},{"town":"大東町須賀","lat":"35.358808","lng":"133.032020"},{"town":"大東町清田","lat":"35.310940","lng":"132.999505"},{"town":"大東町大東","lat":"35.332078","lng":"132.966115"},{"town":"大東町大東下分","lat":"35.336514","lng":"132.954977"},{"town":"大東町田中","lat":"35.338640","lng":"132.984737"},{"town":"大東町中湯石","lat":"35.327699","lng":"133.003808"},{"town":"大東町西阿用","lat":"35.281062","lng":"132.962078"},{"town":"大東町仁和寺","lat":"35.344491","lng":"132.936410"},{"town":"大東町畑鵯","lat":"35.362413","lng":"132.986138"},{"town":"大東町幡屋","lat":"35.363089","lng":"132.948147"},{"town":"大東町東阿用","lat":"35.299734","lng":"132.975721"},{"town":"大東町前原","lat":"35.333401","lng":"132.932456"},{"town":"大東町南村","lat":"35.336596","lng":"133.027137"},{"town":"大東町山田","lat":"35.347895","lng":"132.973326"},{"town":"大東町養賀","lat":"35.329243","lng":"132.944235"},{"town":"三刀屋町粟谷","lat":"35.267131","lng":"132.861680"},{"town":"三刀屋町伊萱","lat":"35.320730","lng":"132.878222"},{"town":"三刀屋町乙加宮","lat":"35.265983","lng":"132.825795"},{"town":"三刀屋町上熊谷","lat":"35.252478","lng":"132.890575"},{"town":"三刀屋町給下","lat":"35.304864","lng":"132.881555"},{"town":"三刀屋町神代","lat":"35.228327","lng":"132.887213"},{"town":"三刀屋町古城","lat":"35.291631","lng":"132.857535"},{"town":"三刀屋町坂本","lat":"35.241446","lng":"132.834924"},{"town":"三刀屋町里坊","lat":"35.290966","lng":"132.828597"},{"town":"三刀屋町下熊谷","lat":"35.304557","lng":"132.895826"},{"town":"三刀屋町須所","lat":"35.228385","lng":"132.841297"},{"town":"三刀屋町高窪","lat":"35.311240","lng":"132.851853"},{"town":"三刀屋町多久和","lat":"35.259520","lng":"132.874393"},{"town":"三刀屋町殿河内","lat":"35.271645","lng":"132.851298"},{"town":"三刀屋町中野","lat":"35.228612","lng":"132.859181"},{"town":"三刀屋町根波別所","lat":"35.271624","lng":"132.803429"},{"town":"三刀屋町三刀屋","lat":"35.287187","lng":"132.876398"},{"town":"三刀屋町六重","lat":"35.218578","lng":"132.877665"},{"town":"吉田町上山","lat":"35.184552","lng":"132.931422"},{"town":"吉田町川手","lat":"35.229319","lng":"132.900905"},{"town":"吉田町曽木","lat":"35.169007","lng":"132.906286"},{"town":"吉田町深野","lat":"35.202190","lng":"132.907768"},{"town":"吉田町民谷","lat":"35.129307","lng":"132.828363"},{"town":"吉田町吉田","lat":"35.154532","lng":"132.854558"}]