[{"town":"泉","koaza":"","lat":"34.815418","lng":"134.160776"},{"town":"岩戸","koaza":"","lat":"34.844016","lng":"134.128917"},{"town":"宇生","koaza":"","lat":"34.849837","lng":"134.065114"},{"town":"大田原","koaza":"","lat":"34.806988","lng":"134.153717"},{"town":"大中山","koaza":"","lat":"34.776808","lng":"134.173652"},{"town":"奥塩田","koaza":"","lat":"34.908426","lng":"134.110834"},{"town":"加三方","koaza":"","lat":"34.833659","lng":"134.076090"},{"town":"北山方","koaza":"","lat":"34.886429","lng":"134.120646"},{"town":"衣笠","koaza":"","lat":"34.794467","lng":"134.175048"},{"town":"木倉","koaza":"","lat":"34.845926","lng":"134.146578"},{"town":"小坂","koaza":"","lat":"34.836325","lng":"134.050278"},{"town":"佐伯","koaza":"","lat":"34.847442","lng":"134.091286"},{"town":"塩田","koaza":"","lat":"34.907819","lng":"134.096467"},{"town":"清水","koaza":"","lat":"34.767558","lng":"134.176649"},{"town":"尺所","koaza":"","lat":"34.802069","lng":"134.159392"},{"town":"田賀","koaza":"","lat":"34.846972","lng":"134.053588"},{"town":"田土","koaza":"","lat":"34.858770","lng":"134.133363"},{"town":"田原上","koaza":"","lat":"34.827030","lng":"134.124483"},{"town":"田原下","koaza":"","lat":"34.815947","lng":"134.117504"},{"town":"父井原","koaza":"","lat":"34.826172","lng":"134.094843"},{"town":"津瀬","koaza":"","lat":"34.866353","lng":"134.103321"},{"town":"苦木","koaza":"","lat":"34.884305","lng":"134.099833"},{"town":"原","koaza":"","lat":"34.798341","lng":"134.134556"},{"town":"日笠上","koaza":"","lat":"34.851146","lng":"134.170068"},{"town":"日笠下","koaza":"","lat":"34.840757","lng":"134.181615"},{"town":"日室","koaza":"","lat":"34.801280","lng":"134.168843"},{"town":"福富","koaza":"","lat":"34.790366","lng":"134.151515"},{"town":"藤野","koaza":"","lat":"34.817612","lng":"134.172930"},{"town":"保曽","koaza":"","lat":"34.878919","lng":"134.172356"},{"town":"本","koaza":"","lat":"34.801425","lng":"134.121102"},{"town":"益原","koaza":"","lat":"34.826344","lng":"134.143209"},{"town":"丸山","koaza":"","lat":"34.879098","lng":"134.146033"},{"town":"南山方","koaza":"","lat":"34.876459","lng":"134.122526"},{"town":"矢田","koaza":"","lat":"34.858768","lng":"134.112854"},{"town":"矢田部","koaza":"","lat":"34.856288","lng":"134.077426"},{"town":"吉田","koaza":"","lat":"34.829054","lng":"134.195282"},{"town":"米澤","koaza":"","lat":"34.861235","lng":"134.089845"},{"town":"和気","koaza":"","lat":"34.802219","lng":"134.145303"}]