[{"town":"青江六丁目","koaza":"","lat":34.628197,"lng":133.922068},{"town":"飽浦","koaza":"","lat":34.576828,"lng":133.980524},{"town":"あけぼの町","koaza":"","lat":34.606967,"lng":133.940861},{"town":"阿津","koaza":"","lat":34.587121,"lng":134.013556},{"town":"泉田","koaza":"","lat":34.626442,"lng":133.909201},{"town":"泉田一丁目","koaza":"","lat":34.627491,"lng":133.916599},{"town":"泉田二丁目","koaza":"","lat":34.626692,"lng":133.921204},{"town":"泉田三丁目","koaza":"","lat":34.625196,"lng":133.920501},{"town":"泉田四丁目","koaza":"","lat":34.624804,"lng":133.916142},{"town":"泉田五丁目","koaza":"","lat":34.624513,"lng":133.912118},{"town":"植松","koaza":"","lat":34.549099,"lng":133.82269},{"town":"内尾","koaza":"","lat":34.597761,"lng":133.852446},{"town":"浦安西町","koaza":"","lat":34.605899,"lng":133.911835},{"town":"浦安本町","koaza":"","lat":34.607793,"lng":133.924551},{"town":"浦安南町","koaza":"","lat":34.593539,"lng":133.92168},{"town":"大福","koaza":"","lat":34.620139,"lng":133.882119},{"town":"奥迫川","koaza":"","lat":34.525335,"lng":133.862924},{"town":"海岸通一丁目","koaza":"","lat":34.605471,"lng":133.962945},{"town":"海岸通二丁目","koaza":"","lat":34.603683,"lng":133.956249},{"town":"片岡","koaza":"","lat":34.541529,"lng":133.86499},{"town":"川張","koaza":"","lat":34.548032,"lng":133.856702},{"town":"北浦","koaza":"","lat":34.588042,"lng":133.96643},{"town":"北七区","koaza":"","lat":34.560955,"lng":133.917136},{"town":"郡","koaza":"","lat":34.573338,"lng":133.95979},{"town":"小串","koaza":"","lat":34.586452,"lng":134.031053},{"town":"古新田","koaza":"","lat":34.627272,"lng":133.8761},{"town":"市場一丁目","koaza":"","lat":34.601641,"lng":133.946415},{"town":"市場二丁目","koaza":"","lat":34.602685,"lng":133.94379},{"town":"下中野","koaza":"","lat":34.640736,"lng":133.910648},{"town":"新福一丁目","koaza":"","lat":34.629788,"lng":133.932948},{"town":"新福二丁目","koaza":"","lat":34.627558,"lng":133.935598},{"town":"新保","koaza":"","lat":34.63371,"lng":133.910972},{"town":"洲崎一丁目","koaza":"","lat":34.625599,"lng":133.947753},{"town":"洲崎二丁目","koaza":"","lat":34.623395,"lng":133.945465},{"town":"洲崎三丁目","koaza":"","lat":34.621971,"lng":133.947336},{"town":"妹尾","koaza":"","lat":34.619012,"lng":133.862525},{"town":"妹尾崎","koaza":"","lat":34.632518,"lng":133.853939},{"town":"宗津","koaza":"","lat":34.538218,"lng":133.870959},{"town":"曽根","koaza":"","lat":34.568613,"lng":133.847749},{"town":"立川町","koaza":"","lat":34.608494,"lng":133.94721},{"town":"築港栄町","koaza":"","lat":34.598626,"lng":133.941882},{"town":"築港新町一丁目","koaza":"","lat":34.605815,"lng":133.937683},{"town":"築港新町二丁目","koaza":"","lat":34.603022,"lng":133.936936},{"town":"築港ひかり町","koaza":"","lat":34.600953,"lng":133.939322},{"town":"築港緑町一丁目","koaza":"","lat":34.604222,"lng":133.931944},{"town":"築港緑町二丁目","koaza":"","lat":34.595994,"lng":133.933386},{"town":"築港緑町三丁目","koaza":"","lat":34.598317,"lng":133.935291},{"town":"築港元町","koaza":"","lat":34.602732,"lng":133.950985},{"town":"千鳥町","koaza":"","lat":34.612556,"lng":133.948272},{"town":"当新田","koaza":"","lat":34.622975,"lng":133.902599},{"town":"富浜町","koaza":"","lat":34.625283,"lng":133.941128},{"town":"豊成一丁目","koaza":"","lat":34.632041,"lng":133.928957},{"town":"豊成二丁目","koaza":"","lat":34.628734,"lng":133.927707},{"town":"豊成三丁目","koaza":"","lat":34.625897,"lng":133.926388},{"town":"豊浜町","koaza":"","lat":34.631816,"lng":133.934527},{"town":"中畦","koaza":"","lat":34.584029,"lng":133.857344},{"town":"並木町一丁目","koaza":"","lat":34.60929,"lng":133.944881},{"town":"並木町二丁目","koaza":"","lat":34.610183,"lng":133.941031},{"town":"南輝一丁目","koaza":"","lat":34.611291,"lng":133.935574},{"town":"南輝二丁目","koaza":"","lat":34.608993,"lng":133.934618},{"town":"南輝三丁目","koaza":"","lat":34.606386,"lng":133.933509},{"town":"西市","koaza":"","lat":34.632553,"lng":133.898975},{"town":"西畦","koaza":"","lat":34.561027,"lng":133.834394},{"town":"西紅陽台一丁目","koaza":"","lat":34.5528,"lng":133.884039},{"town":"西紅陽台二丁目","koaza":"","lat":34.54882,"lng":133.886735},{"town":"西紅陽台三丁目","koaza":"","lat":34.544348,"lng":133.890644},{"town":"西高崎","koaza":"","lat":34.548386,"lng":133.877175},{"town":"西七区","koaza":"","lat":34.551377,"lng":133.899568},{"town":"迫川","koaza":"","lat":34.532152,"lng":133.877805},{"town":"浜野一丁目","koaza":"","lat":34.634104,"lng":133.937656},{"town":"浜野二丁目","koaza":"","lat":34.630422,"lng":133.93756},{"town":"浜野三丁目","koaza":"","lat":34.631075,"lng":133.942142},{"town":"浜野四丁目","koaza":"","lat":34.627985,"lng":133.943988},{"town":"東畦","koaza":"","lat":34.607271,"lng":133.873452},{"town":"彦崎","koaza":"","lat":34.542226,"lng":133.836231},{"town":"平福一丁目","koaza":"","lat":34.619545,"lng":133.948331},{"town":"平福二丁目","koaza":"","lat":34.617444,"lng":133.950087},{"town":"福島一丁目","koaza":"","lat":34.621253,"lng":133.951621},{"town":"福島二丁目","koaza":"","lat":34.617196,"lng":133.955119},{"town":"福島三丁目","koaza":"","lat":34.614304,"lng":133.952961},{"town":"福島四丁目","koaza":"","lat":34.612869,"lng":133.958813},{"town":"福田","koaza":"","lat":34.619178,"lng":133.923479},{"town":"福富中一丁目","koaza":"","lat":34.62453,"lng":133.936607},{"town":"福富中二丁目","koaza":"","lat":34.620711,"lng":133.935917},{"town":"福富西一丁目","koaza":"","lat":34.62504,"lng":133.932146},{"town":"福富西二丁目","koaza":"","lat":34.621517,"lng":133.931781},{"town":"福富西三丁目","koaza":"","lat":34.622881,"lng":133.927559},{"town":"福富東一丁目","koaza":"","lat":34.623491,"lng":133.940045},{"town":"福富東二丁目","koaza":"","lat":34.619873,"lng":133.939939},{"town":"福成一丁目","koaza":"","lat":34.615879,"lng":133.93354},{"town":"福成二丁目","koaza":"","lat":34.616203,"lng":133.938301},{"town":"福成三丁目","koaza":"","lat":34.613648,"lng":133.93706},{"town":"福浜町","koaza":"","lat":34.619164,"lng":133.944229},{"town":"福浜西町","koaza":"","lat":34.619809,"lng":133.942245},{"town":"福吉町","koaza":"","lat":34.612708,"lng":133.950893},{"town":"藤田","koaza":"","lat":34.587115,"lng":133.897563},{"town":"芳泉一丁目","koaza":"","lat":34.619223,"lng":133.908614},{"town":"芳泉二丁目","koaza":"","lat":34.621641,"lng":133.910716},{"town":"芳泉三丁目","koaza":"","lat":34.621804,"lng":133.916861},{"town":"芳泉四丁目","koaza":"","lat":34.622103,"lng":133.920672},{"town":"松浜町","koaza":"","lat":34.613401,"lng":133.941304},{"town":"万倍","koaza":"","lat":34.626638,"lng":133.901098},{"town":"箕島","koaza":"","lat":34.610515,"lng":133.848153},{"town":"三浜町一丁目","koaza":"","lat":34.616292,"lng":133.947665},{"town":"三浜町二丁目","koaza":"","lat":34.61572,"lng":133.943567},{"town":"宮浦","koaza":"","lat":34.585543,"lng":133.992904},{"town":"山田","koaza":"","lat":34.626239,"lng":133.855167},{"town":"米倉","koaza":"","lat":34.628725,"lng":133.893456},{"town":"若葉町","koaza":"","lat":34.610836,"lng":133.945838},{"town":"箕島","koaza":"堅田","lat":34.610561,"lng":133.859128},{"town":"藤田","koaza":"錦","lat":34.589281,"lng":133.886824},{"town":"藤田","koaza":"都","lat":34.585452,"lng":133.887573},{"town":"新保","koaza":"観音堂","lat":34.637201,"lng":133.908645}]