[{"town":"赤湯","koaza":"","lat":38.057612,"lng":140.175366},{"town":"池黒","koaza":"","lat":38.069324,"lng":140.1268},{"town":"漆山","koaza":"","lat":38.092831,"lng":140.115148},{"town":"大橋","koaza":"","lat":38.024852,"lng":140.153529},{"town":"荻","koaza":"","lat":38.15484,"lng":140.181108},{"town":"沖田","koaza":"","lat":38.029401,"lng":140.130936},{"town":"金沢","koaza":"","lat":38.053244,"lng":140.192475},{"town":"金山","koaza":"","lat":38.102251,"lng":140.157878},{"town":"釜渡戸","koaza":"","lat":38.110907,"lng":140.180655},{"town":"蒲生田","koaza":"","lat":38.058045,"lng":140.140902},{"town":"川樋","koaza":"","lat":38.081438,"lng":140.194554},{"town":"椚塚","koaza":"","lat":38.040773,"lng":140.171819},{"town":"小岩沢","koaza":"","lat":38.087126,"lng":140.217147},{"town":"郡山","koaza":"","lat":38.04372,"lng":140.150612},{"town":"小滝","koaza":"","lat":38.194269,"lng":140.176079},{"town":"坂井","koaza":"","lat":38.041101,"lng":140.124878},{"town":"島貫","koaza":"","lat":38.044359,"lng":140.143206},{"town":"下荻","koaza":"","lat":38.151762,"lng":140.146195},{"town":"新田","koaza":"","lat":38.074492,"lng":140.188099},{"town":"砂塚","koaza":"","lat":38.050443,"lng":140.109979},{"town":"関根","koaza":"","lat":38.038358,"lng":140.112014},{"town":"高梨","koaza":"","lat":38.038597,"lng":140.136056},{"town":"竹原","koaza":"","lat":38.068486,"lng":140.09019},{"town":"太郎","koaza":"","lat":38.121716,"lng":140.141629},{"town":"中央東","koaza":"","lat":38.057583,"lng":140.150078},{"town":"露橋","koaza":"","lat":38.032563,"lng":140.114019},{"town":"長岡","koaza":"","lat":38.037702,"lng":140.160838},{"town":"中落合","koaza":"","lat":38.049895,"lng":140.134923},{"town":"長瀞","koaza":"","lat":38.049726,"lng":140.126762},{"town":"中ノ目","koaza":"","lat":38.033463,"lng":140.15162},{"town":"鍋田","koaza":"","lat":38.031643,"lng":140.14243},{"town":"二色根","koaza":"","lat":38.05336,"lng":140.160516},{"town":"西落合","koaza":"","lat":38.047615,"lng":140.130257},{"town":"萩生田","koaza":"","lat":38.045789,"lng":140.137205},{"town":"羽付","koaza":"","lat":38.080347,"lng":140.102759},{"town":"法師柳","koaza":"","lat":38.04748,"lng":140.12181},{"town":"松沢","koaza":"","lat":38.043167,"lng":140.199039},{"town":"爼柳","koaza":"","lat":38.031818,"lng":140.163856},{"town":"三間通","koaza":"","lat":38.056717,"lng":140.154931},{"town":"宮内","koaza":"","lat":38.077537,"lng":140.148525},{"town":"宮崎","koaza":"","lat":38.028352,"lng":140.122207},{"town":"元中山","koaza":"","lat":38.107151,"lng":140.198481},{"town":"梨郷","koaza":"","lat":38.058272,"lng":140.079375},{"town":"若狭郷屋","koaza":"","lat":38.052856,"lng":140.145602},{"town":"和田","koaza":"","lat":38.063864,"lng":140.105257},{"town":"上野","koaza":"","lat":38.066453,"lng":140.163614},{"town":"赤湯","koaza":"川尻","lat":38.047944,"lng":140.171699},{"town":"爼柳","koaza":"六百苅","lat":38.035272,"lng":140.157819},{"town":"長岡","koaza":"柳田","lat":38.036004,"lng":140.162386},{"town":"蒲生田","koaza":"清水上","lat":38.062605,"lng":140.138653}]