[{"town":"八百富町一丁目","koaza":"","lat":null,"lng":null},{"town":"八百富町二丁目","koaza":"","lat":null,"lng":null},{"town":"八百富町三丁目","koaza":"","lat":null,"lng":null},{"town":"旭町","koaza":"","lat":34.825785,"lng":137.218621},{"town":"新井形町","koaza":"","lat":34.830434,"lng":137.235564},{"town":"新井町","koaza":"","lat":34.829064,"lng":137.233533},{"town":"一色町","koaza":"","lat":34.820113,"lng":137.179839},{"town":"上本町","koaza":"","lat":34.83217,"lng":137.229049},{"town":"大塚町","koaza":"","lat":34.816733,"lng":137.280214},{"town":"海陽町一丁目","koaza":"","lat":34.806621,"lng":137.266262},{"town":"海陽町二丁目","koaza":"","lat":34.807009,"lng":137.272726},{"town":"海陽町三丁目","koaza":"","lat":34.808092,"lng":137.288847},{"town":"鹿島町","koaza":"","lat":34.814829,"lng":137.191507},{"town":"柏原町","koaza":"","lat":34.846762,"lng":137.204039},{"town":"形原町","koaza":"","lat":34.800303,"lng":137.182202},{"town":"金平町","koaza":"","lat":34.814937,"lng":137.172795},{"town":"蒲郡町","koaza":"","lat":34.834928,"lng":137.227099},{"town":"神ノ郷町","koaza":"","lat":34.841833,"lng":137.221081},{"town":"五井町","koaza":"","lat":34.839496,"lng":137.248841},{"town":"栄町","koaza":"","lat":34.823029,"lng":137.220197},{"town":"坂本町","koaza":"","lat":34.860263,"lng":137.218722},{"town":"相楽町","koaza":"","lat":34.829248,"lng":137.28555},{"town":"神明町","koaza":"","lat":34.824349,"lng":137.229104},{"town":"清田町","koaza":"","lat":34.850802,"lng":137.24292},{"town":"宝町","koaza":"","lat":34.825386,"lng":137.222996},{"town":"竹島町","koaza":"","lat":34.81607,"lng":137.235219},{"town":"竹谷町","koaza":"","lat":34.832571,"lng":137.209329},{"town":"中央本町","koaza":"","lat":34.829298,"lng":137.225989},{"town":"豊岡町","koaza":"","lat":34.830399,"lng":137.258716},{"town":"西浦町","koaza":"","lat":34.782821,"lng":137.181783},{"town":"西迫町","koaza":"","lat":34.835503,"lng":137.197954},{"town":"平田町","koaza":"","lat":34.829166,"lng":137.239583},{"town":"拾石町","koaza":"","lat":34.81927,"lng":137.201195},{"town":"府相町","koaza":"","lat":34.823302,"lng":137.23562},{"town":"府相町一丁目","koaza":"","lat":34.820961,"lng":137.238322},{"town":"府相町二丁目","koaza":"","lat":34.823329,"lng":137.237808},{"town":"府相町三丁目","koaza":"","lat":34.825546,"lng":137.23802},{"town":"堀込町","koaza":"","lat":34.826685,"lng":137.236576},{"town":"本町","koaza":"","lat":34.828345,"lng":137.229719},{"town":"松原町","koaza":"","lat":34.818841,"lng":137.23169},{"town":"丸山町","koaza":"","lat":34.819207,"lng":137.236594},{"town":"水竹町","koaza":"","lat":34.838956,"lng":137.232873},{"town":"緑町","koaza":"","lat":34.829938,"lng":137.21856},{"town":"港町","koaza":"","lat":34.820521,"lng":137.226112},{"town":"三谷北通一丁目","koaza":"","lat":34.818724,"lng":137.252031},{"town":"三谷北通二丁目","koaza":"","lat":34.820145,"lng":137.248489},{"town":"三谷北通三丁目","koaza":"","lat":34.821337,"lng":137.245289},{"town":"三谷北通四丁目","koaza":"","lat":34.821724,"lng":137.242465},{"town":"三谷北通五丁目","koaza":"","lat":34.823311,"lng":137.242286},{"town":"三谷北通六丁目","koaza":"","lat":34.823316,"lng":137.239898},{"town":"三谷町","koaza":"","lat":34.815956,"lng":137.25297},{"town":"宮成町","koaza":"","lat":34.833243,"lng":137.223539},{"town":"御幸町","koaza":"","lat":34.829762,"lng":137.222156},{"town":"元町","koaza":"","lat":34.824779,"lng":137.225685},{"town":"八百富町","koaza":"","lat":34.824127,"lng":137.233065},{"town":"浜町","koaza":"","lat":34.81282,"lng":137.210988},{"town":"金平町","koaza":"奥山","lat":34.817777,"lng":137.171162},{"town":"金平町","koaza":"上ノ坊","lat":34.816926,"lng":137.171014},{"town":"金平町","koaza":"一ノ沢","lat":34.81505,"lng":137.172577},{"town":"西浦町","koaza":"大山","lat":34.767742,"lng":137.17097},{"town":"西浦町","koaza":"西浜田","lat":34.788213,"lng":137.170152},{"town":"西浦町","koaza":"北前浜","lat":34.783274,"lng":137.176717},{"town":"西浦町","koaza":"柳沢","lat":34.79074,"lng":137.170041},{"town":"西浦町","koaza":"上堂前","lat":34.794752,"lng":137.173791},{"town":"西浦町","koaza":"口田土","lat":34.797087,"lng":137.171415},{"town":"西浦町","koaza":"堂前","lat":34.793049,"lng":137.173106},{"town":"形原町","koaza":"角穴","lat":34.807885,"lng":137.171807},{"town":"形原町","koaza":"杉那","lat":34.803875,"lng":137.171107},{"town":"西浦町","koaza":"田土山","lat":34.798747,"lng":137.171145},{"town":"一色町","koaza":"狭間","lat":34.819644,"lng":137.17707},{"town":"形原町","koaza":"烏帽子","lat":34.801872,"lng":137.171105},{"town":"西浦町","koaza":"奥田土","lat":34.799522,"lng":137.172405},{"town":"形原町","koaza":"西稲荷","lat":34.808342,"lng":137.175527},{"town":"西浦町","koaza":"大戸","lat":34.788037,"lng":137.171623},{"town":"西浦町","koaza":"西向山","lat":34.788919,"lng":137.171642},{"town":"形原町","koaza":"大沢","lat":34.80199,"lng":137.174364},{"town":"形原町","koaza":"森口","lat":34.799966,"lng":137.17402},{"town":"西浦町","koaza":"山崎","lat":34.790451,"lng":137.172712},{"town":"金平町","koaza":"牛転","lat":34.812988,"lng":137.174969},{"town":"西浦町","koaza":"浜田","lat":34.787892,"lng":137.172556},{"town":"金平町","koaza":"寺中","lat":34.816396,"lng":137.172579},{"town":"西浦町","koaza":"下地","lat":34.78616,"lng":137.1745},{"town":"西浦町","koaza":"田土丸山","lat":34.796518,"lng":137.172979},{"town":"金平町","koaza":"大廻","lat":34.813653,"lng":137.174116},{"town":"西浦町","koaza":"大塚","lat":34.787777,"lng":137.174029},{"town":"西浦町","koaza":"向山","lat":34.790137,"lng":137.173994},{"town":"西浦町","koaza":"塩柄","lat":34.767677,"lng":137.174902},{"town":"西浦町","koaza":"神谷門戸","lat":34.788767,"lng":137.17467},{"town":"金平町","koaza":"開戸","lat":34.815153,"lng":137.174726},{"town":"形原町","koaza":"桶沢","lat":34.806307,"lng":137.174738},{"town":"西浦町","koaza":"倉舞","lat":34.772124,"lng":137.175395},{"town":"形原町","koaza":"八ケ峰","lat":34.804448,"lng":137.175599},{"town":"金平町","koaza":"遊名田","lat":34.812889,"lng":137.176081},{"town":"西浦町","koaza":"北ノ坪","lat":34.796345,"lng":137.174531},{"town":"金平町","koaza":"植地","lat":34.815796,"lng":137.175327},{"town":"西浦町","koaza":"赤見山","lat":34.77536,"lng":137.175203},{"town":"形原町","koaza":"中小山","lat":34.807089,"lng":137.175907},{"town":"西浦町","koaza":"原門戸","lat":34.787161,"lng":137.175814},{"town":"西浦町","koaza":"猫門戸","lat":34.793992,"lng":137.176022},{"town":"西浦町","koaza":"稲村","lat":34.766659,"lng":137.176548},{"town":"金平町","koaza":"北沢","lat":34.816647,"lng":137.176183},{"town":"形原町","koaza":"西大明地","lat":34.801424,"lng":137.17541},{"town":"西浦町","koaza":"折敷田","lat":34.77073,"lng":137.175789},{"town":"金平町","koaza":"宇保美","lat":34.810115,"lng":137.176229},{"town":"形原町","koaza":"角田","lat":34.796659,"lng":137.175437},{"town":"西浦町","koaza":"御芦山","lat":34.776256,"lng":137.175885},{"town":"形原町","koaza":"北鞍掛","lat":34.799668,"lng":137.175917},{"town":"西浦町","koaza":"北門戸","lat":34.788107,"lng":137.176319},{"town":"西浦町","koaza":"的場","lat":34.791063,"lng":137.175983},{"town":"西浦町","koaza":"蟹沢","lat":34.77767,"lng":137.176569},{"town":"金平町","koaza":"松葉","lat":34.813998,"lng":137.17633},{"town":"西浦町","koaza":"中屋敷","lat":34.785458,"lng":137.176345},{"town":"形原町","koaza":"西中田","lat":34.799754,"lng":137.17703},{"town":"西浦町","koaza":"南ケ坪","lat":34.772871,"lng":137.176949},{"town":"形原町","koaza":"北双太山","lat":34.805599,"lng":137.17845},{"town":"西浦町","koaza":"赤浜","lat":34.774091,"lng":137.177947},{"town":"西浦町","koaza":"小橋田","lat":34.775625,"lng":137.176836},{"town":"形原町","koaza":"南双太山","lat":34.803458,"lng":137.177755},{"town":"形原町","koaza":"南鞍掛","lat":34.798113,"lng":137.176756},{"town":"形原町","koaza":"西名田","lat":34.797403,"lng":137.176882},{"town":"西浦町","koaza":"龍田","lat":34.784278,"lng":137.177048},{"town":"西浦町","koaza":"一木","lat":34.789794,"lng":137.177099},{"town":"金平町","koaza":"東橋","lat":34.815432,"lng":137.176887},{"town":"一色町","koaza":"福地","lat":34.823272,"lng":137.178738},{"town":"西浦町","koaza":"前浜","lat":34.780062,"lng":137.178291},{"town":"金平町","koaza":"兼山","lat":34.814252,"lng":137.177068},{"town":"西浦町","koaza":"丸山","lat":34.774983,"lng":137.177212},{"town":"一色町","koaza":"明徳","lat":34.817385,"lng":137.178272},{"town":"形原町","koaza":"北大明地","lat":34.802345,"lng":137.177933},{"town":"金平町","koaza":"長根","lat":34.812308,"lng":137.177188},{"town":"形原町","koaza":"南小山","lat":34.807132,"lng":137.177658},{"town":"西浦町","koaza":"西馬相","lat":34.787269,"lng":137.177552},{"town":"形原町","koaza":"南大明地","lat":34.801146,"lng":137.177501},{"town":"金平町","koaza":"井戸尻","lat":34.814332,"lng":137.177684},{"town":"金平町","koaza":"山ノ田","lat":34.81164,"lng":137.17708},{"town":"形原町","koaza":"南名田","lat":34.796032,"lng":137.178005},{"town":"金平町","koaza":"木白井","lat":34.812754,"lng":137.177833},{"town":"西浦町","koaza":"羽広","lat":34.793881,"lng":137.177749},{"town":"金平町","koaza":"内野","lat":34.816066,"lng":137.179139},{"town":"西浦町","koaza":"馬々崎","lat":34.788423,"lng":137.177476},{"town":"一色町","koaza":"松葉","lat":34.819466,"lng":137.178205},{"town":"一色町","koaza":"西ノ谷","lat":34.819267,"lng":137.177137},{"town":"西浦町","koaza":"宇渡","lat":34.791316,"lng":137.177466},{"town":"金平町","koaza":"下宇保美","lat":34.810697,"lng":137.17816},{"town":"西浦町","koaza":"空ケ谷","lat":34.783472,"lng":137.178612},{"town":"一色町","koaza":"西山","lat":34.824556,"lng":137.178375},{"town":"西浦町","koaza":"馬渡","lat":34.793124,"lng":137.177754},{"town":"形原町","koaza":"東鞍掛","lat":34.798802,"lng":137.177615},{"town":"形原町","koaza":"南湿見","lat":34.797412,"lng":137.178702},{"town":"西浦町","koaza":"大知柄","lat":34.776594,"lng":137.178483},{"town":"形原町","koaza":"海蔵","lat":34.794486,"lng":137.179356},{"town":"金平町","koaza":"上大門","lat":34.813502,"lng":137.17811},{"town":"西浦町","koaza":"南明柄","lat":34.770345,"lng":137.180802},{"town":"西浦町","koaza":"日中","lat":34.791462,"lng":137.178845},{"town":"一色町","koaza":"丸山","lat":34.822674,"lng":137.178402},{"town":"西浦町","koaza":"北知柄","lat":34.781679,"lng":137.178576},{"town":"西浦町","koaza":"東一木","lat":34.78919,"lng":137.178436},{"town":"西浦町","koaza":"川東","lat":34.785465,"lng":137.179146},{"town":"金平町","koaza":"稲荷","lat":34.809609,"lng":137.179004},{"town":"西浦町","koaza":"女松山","lat":34.775398,"lng":137.179747},{"town":"形原町","koaza":"東稲荷","lat":34.808853,"lng":137.179938},{"town":"一色町","koaza":"中屋敷","lat":34.820102,"lng":137.179407},{"town":"形原町","koaza":"欠下","lat":34.80748,"lng":137.179652},{"town":"金平町","koaza":"頂拝","lat":34.814591,"lng":137.178921},{"town":"西浦町","koaza":"馬々","lat":34.78994,"lng":137.179729},{"town":"西浦町","koaza":"五郎蔵屋敷","lat":34.778213,"lng":137.179356},{"town":"西浦町","koaza":"門田","lat":34.792768,"lng":137.178516},{"town":"西浦町","koaza":"堀切","lat":34.773382,"lng":137.178997},{"town":"一色町","koaza":"前田","lat":34.81851,"lng":137.179196},{"town":"形原町","koaza":"北森","lat":34.801765,"lng":137.179781},{"town":"西浦町","koaza":"南馬相","lat":34.787024,"lng":137.179733},{"town":"西浦町","koaza":"北馬相","lat":34.787873,"lng":137.179548},{"town":"西浦町","koaza":"南知柄","lat":34.779671,"lng":137.179398},{"town":"形原町","koaza":"東中田","lat":34.799428,"lng":137.179727},{"town":"金平町","koaza":"大門","lat":34.811976,"lng":137.179272},{"town":"形原町","koaza":"北上松","lat":34.795304,"lng":137.179804},{"town":"一色町","koaza":"下郷","lat":34.816613,"lng":137.179307},{"town":"形原町","koaza":"南森","lat":34.800816,"lng":137.179875},{"town":"一色町","koaza":"坂角","lat":34.821645,"lng":137.180789},{"town":"形原町","koaza":"北湿見","lat":34.798491,"lng":137.179586},{"town":"形原町","koaza":"柳原","lat":34.793075,"lng":137.180303},{"town":"金平町","koaza":"山下","lat":34.813247,"lng":137.179438},{"town":"形原町","koaza":"鐘鋳場","lat":34.807136,"lng":137.179757},{"town":"西浦町","koaza":"宮新田","lat":34.78532,"lng":137.18003},{"town":"一色町","koaza":"芝崎","lat":34.817837,"lng":137.179956},{"town":"一色町","koaza":"大首","lat":34.819068,"lng":137.180382},{"town":"西浦町","koaza":"池田","lat":34.781919,"lng":137.180691},{"town":"形原町","koaza":"羽栗","lat":34.802857,"lng":137.179751},{"town":"金平町","koaza":"烏田","lat":34.810753,"lng":137.180628},{"town":"西浦町","koaza":"明柄","lat":34.772055,"lng":137.181346},{"town":"形原町","koaza":"西戸甫井","lat":34.791422,"lng":137.180565},{"town":"西浦町","koaza":"藤九郎山","lat":34.777912,"lng":137.180357},{"town":"西浦町","koaza":"赤はげ","lat":34.780993,"lng":137.180414},{"town":"西浦町","koaza":"丸落","lat":34.783361,"lng":137.179972},{"town":"一色町","koaza":"北山","lat":34.822853,"lng":137.182514},{"town":"形原町","koaza":"双太山","lat":34.80582,"lng":137.180055},{"town":"形原町","koaza":"西欠ノ上","lat":34.799621,"lng":137.180691},{"town":"金平町","koaza":"椿薮","lat":34.815495,"lng":137.180961},{"town":"西浦町","koaza":"宮地","lat":34.785172,"lng":137.180524},{"town":"形原町","koaza":"西中畑","lat":34.797449,"lng":137.180778},{"town":"金平町","koaza":"茶ノ木","lat":34.814154,"lng":137.181364},{"town":"金平町","koaza":"土矢倉","lat":34.813372,"lng":137.181357},{"town":"西浦町","koaza":"神田ケ入","lat":34.778341,"lng":137.180779},{"town":"金平町","koaza":"彼岸田","lat":34.812328,"lng":137.180798},{"town":"形原町","koaza":"上堤下","lat":34.805805,"lng":137.180361},{"town":"形原町","koaza":"石橋","lat":34.796238,"lng":137.182035},{"town":"西浦町","koaza":"北馬場","lat":34.788252,"lng":137.182018},{"town":"形原町","koaza":"東上松","lat":34.795084,"lng":137.181096},{"town":"西浦町","koaza":"南馬場","lat":34.786843,"lng":137.181492},{"town":"西浦町","koaza":"細田","lat":34.78598,"lng":137.181465},{"town":"一色町","koaza":"東峰","lat":34.819869,"lng":137.18156},{"town":"形原町","koaza":"袋川","lat":34.800154,"lng":137.181813},{"town":"形原町","koaza":"中村","lat":34.802663,"lng":137.181562},{"town":"形原町","koaza":"北戸甫井","lat":34.792753,"lng":137.181605},{"town":"一色町","koaza":"徳林","lat":34.817914,"lng":137.18089},{"town":"一色町","koaza":"向田","lat":34.816585,"lng":137.181375},{"town":"形原町","koaza":"佃","lat":34.800963,"lng":137.18181},{"town":"金平町","koaza":"荒木","lat":34.810974,"lng":137.182301},{"town":"一色町","koaza":"東山","lat":34.814925,"lng":137.183323},{"town":"形原町","koaza":"狭間","lat":34.794236,"lng":137.182503},{"town":"形原町","koaza":"南戸甫井","lat":34.790062,"lng":137.181733},{"town":"西浦町","koaza":"六蔵畑","lat":34.775234,"lng":137.181508},{"town":"西浦町","koaza":"堂サ松","lat":34.7714,"lng":137.18245},{"town":"形原町","koaza":"中戸甫井","lat":34.791677,"lng":137.18184},{"town":"形原町","koaza":"出口","lat":34.808407,"lng":137.181901},{"town":"西浦町","koaza":"三反田","lat":34.78308,"lng":137.182349},{"town":"西浦町","koaza":"宮東","lat":34.783501,"lng":137.18317},{"town":"形原町","koaza":"大坪","lat":34.80664,"lng":137.182568},{"town":"形原町","koaza":"東欠ノ上","lat":34.799052,"lng":137.182651},{"town":"一色町","koaza":"森下","lat":34.815708,"lng":137.182037},{"town":"形原町","koaza":"五反田","lat":34.803575,"lng":137.181068},{"town":"金平町","koaza":"西田","lat":34.812485,"lng":137.181998},{"town":"西浦町","koaza":"原山","lat":34.780298,"lng":137.183485},{"town":"西浦町","koaza":"愛宕下","lat":34.787437,"lng":137.182561},{"town":"西浦町","koaza":"新林","lat":34.780627,"lng":137.182553},{"town":"形原町","koaza":"細田","lat":34.809257,"lng":137.183819},{"town":"形原町","koaza":"西上野","lat":34.793391,"lng":137.182881},{"town":"西浦町","koaza":"大日影","lat":34.773775,"lng":137.183997},{"town":"形原町","koaza":"東戸甫井","lat":34.791618,"lng":137.183764},{"town":"金平町","koaza":"土橋","lat":34.810699,"lng":137.183081},{"town":"形原町","koaza":"南市場","lat":34.790371,"lng":137.183394},{"town":"形原町","koaza":"西根崎","lat":34.79522,"lng":137.183515},{"town":"形原町","koaza":"東中畑","lat":34.798236,"lng":137.183544},{"town":"一色町","koaza":"下手張","lat":34.822816,"lng":137.186098},{"town":"形原町","koaza":"計後家","lat":34.805085,"lng":137.183251},{"town":"一色町","koaza":"上手張","lat":34.819034,"lng":137.182872},{"town":"一色町","koaza":"源随","lat":34.815745,"lng":137.183431},{"town":"金平町","koaza":"宮前","lat":34.813013,"lng":137.183627},{"town":"形原町","koaza":"亀井","lat":34.803622,"lng":137.183373},{"town":"西浦町","koaza":"大谷ケ入","lat":34.787127,"lng":137.18338},{"town":"金平町","koaza":"岩上","lat":34.814244,"lng":137.183747},{"town":"形原町","koaza":"明後","lat":34.801845,"lng":137.184101},{"town":"形原町","koaza":"南古城","lat":34.78978,"lng":137.18429},{"town":"西浦町","koaza":"稲生山","lat":34.785926,"lng":137.183879},{"town":"西浦町","koaza":"向野","lat":34.787905,"lng":137.184171},{"town":"形原町","koaza":"田中","lat":34.807956,"lng":137.184012},{"town":"形原町","koaza":"平谷","lat":34.806666,"lng":137.184181},{"town":"形原町","koaza":"東上野","lat":34.793146,"lng":137.184457},{"town":"形原町","koaza":"前田","lat":34.800991,"lng":137.184202},{"town":"金平町","koaza":"堀ノ内","lat":34.81323,"lng":137.183945},{"town":"形原町","koaza":"御嶽","lat":34.799653,"lng":137.184375},{"town":"西浦町","koaza":"北鬮","lat":34.783055,"lng":137.185897},{"town":"金平町","koaza":"仲田","lat":34.810921,"lng":137.184074},{"town":"形原町","koaza":"西御屋敷","lat":34.796991,"lng":137.184642},{"town":"金平町","koaza":"屋敷田","lat":34.812151,"lng":137.184027},{"town":"鹿島町","koaza":"大迫","lat":34.818284,"lng":137.185926},{"town":"形原町","koaza":"北古城","lat":34.790865,"lng":137.184864},{"town":"形原町","koaza":"上辻","lat":34.804893,"lng":137.185053},{"town":"形原町","koaza":"東根崎","lat":34.795313,"lng":137.185295},{"town":"形原町","koaza":"会下","lat":34.798428,"lng":137.185717},{"town":"形原町","koaza":"前野","lat":34.809098,"lng":137.184773},{"town":"西浦町","koaza":"南稲生","lat":34.787964,"lng":137.185385},{"town":"西浦町","koaza":"南鬮","lat":34.780743,"lng":137.18563},{"town":"鹿島町","koaza":"八子","lat":34.816531,"lng":137.186324},{"town":"西浦町","koaza":"西蜊蛎","lat":34.786219,"lng":137.18586},{"town":"西浦町","koaza":"黒山","lat":34.786304,"lng":137.185258},{"town":"金平町","koaza":"三本木","lat":34.810411,"lng":137.18515},{"town":"西浦町","koaza":"北稲生","lat":34.78952,"lng":137.185502},{"town":"鹿島町","koaza":"折坂","lat":34.814943,"lng":137.187276},{"town":"形原町","koaza":"鹿末","lat":34.802044,"lng":137.185864},{"town":"形原町","koaza":"天神裏","lat":34.807921,"lng":137.186526},{"town":"形原町","koaza":"市場","lat":34.80627,"lng":137.186297},{"town":"形原町","koaza":"中屋敷","lat":34.803425,"lng":137.186861},{"town":"形原町","koaza":"東古城","lat":34.790434,"lng":137.185894},{"town":"西浦町","koaza":"南沢","lat":34.778986,"lng":137.18726},{"town":"形原町","koaza":"観音下","lat":34.799439,"lng":137.186199},{"town":"形原町","koaza":"港町","lat":34.791974,"lng":137.18722},{"town":"形原町","koaza":"南辻","lat":34.804027,"lng":137.186647},{"town":"形原町","koaza":"東御屋敷","lat":34.796499,"lng":137.186125},{"town":"形原町","koaza":"北辻","lat":34.805406,"lng":137.18666},{"town":"形原町","koaza":"三浦町","lat":34.795081,"lng":137.186951},{"town":"形原町","koaza":"南淀尻","lat":34.809545,"lng":137.186479},{"town":"金平町","koaza":"中内","lat":34.813156,"lng":137.186324},{"town":"金平町","koaza":"折坂","lat":34.814223,"lng":137.186514},{"town":"形原町","koaza":"下屋敷","lat":34.801058,"lng":137.186944},{"town":"金平町","koaza":"編笠","lat":34.811742,"lng":137.186687},{"town":"西浦町","koaza":"東蜊蛎","lat":34.784701,"lng":137.187397},{"town":"西浦町","koaza":"東稲生","lat":34.786635,"lng":137.186668},{"town":"金平町","koaza":"東田","lat":34.812129,"lng":137.186982},{"town":"西浦町","koaza":"稲生浜","lat":34.789219,"lng":137.186696},{"town":"形原町","koaza":"上音羽","lat":34.798707,"lng":137.187299},{"town":"形原町","koaza":"広田","lat":34.810068,"lng":137.187824},{"town":"西浦町","koaza":"赤岩","lat":34.781886,"lng":137.187347},{"town":"金平町","koaza":"八合","lat":34.813865,"lng":137.187866},{"town":"形原町","koaza":"下音羽","lat":34.797755,"lng":137.188378},{"town":"形原町","koaza":"編笠","lat":34.811378,"lng":137.188297},{"town":"形原町","koaza":"川原","lat":34.800678,"lng":137.188265},{"town":"形原町","koaza":"下市","lat":34.802075,"lng":137.188181},{"town":"形原町","koaza":"南新田","lat":34.808015,"lng":137.18924},{"town":"形原町","koaza":"下市場","lat":34.804311,"lng":137.188631},{"town":"西浦町","koaza":"水垂","lat":34.777751,"lng":137.189079},{"town":"金平町","koaza":"長田","lat":34.812785,"lng":137.188651},{"town":"鹿島町","koaza":"向前","lat":34.816157,"lng":137.188624},{"town":"形原町","koaza":"北新田","lat":34.809174,"lng":137.190062},{"town":"形原町","koaza":"下川原","lat":34.799981,"lng":137.188806},{"town":"鹿島町","koaza":"堂ノ下","lat":34.818295,"lng":137.188635},{"town":"金平町","koaza":"上浜田","lat":34.812091,"lng":137.188766},{"town":"形原町","koaza":"春日浦","lat":34.802132,"lng":137.19035},{"town":"鹿島町","koaza":"横砂","lat":34.813979,"lng":137.190945},{"town":"形原町","koaza":"北淀尻","lat":34.811007,"lng":137.190689},{"town":"鹿島町","koaza":"エボシ形","lat":34.816116,"lng":137.190662},{"town":"鹿島町","koaza":"岡","lat":34.817917,"lng":137.191053},{"town":"鹿島町","koaza":"井戸神","lat":34.816179,"lng":137.189864},{"town":"鹿島町","koaza":"西郷","lat":34.81338,"lng":137.190762},{"town":"形原町","koaza":"北浜","lat":34.807533,"lng":137.192675},{"town":"鹿島町","koaza":"石ノ本","lat":34.816894,"lng":137.191092},{"town":"拾石町","koaza":"一谷入","lat":34.823526,"lng":137.1909},{"town":"鹿島町","koaza":"長田","lat":34.813427,"lng":137.193093},{"town":"拾石町","koaza":"井戸入","lat":34.82142,"lng":137.192085},{"town":"拾石町","koaza":"西ケ丘","lat":34.822507,"lng":137.192878},{"town":"拾石町","koaza":"木ノ前","lat":34.82402,"lng":137.192818},{"town":"西迫町","koaza":"西門寺","lat":34.834536,"lng":137.193087},{"town":"鹿島町","koaza":"角田","lat":34.816212,"lng":137.192025},{"town":"鹿島町","koaza":"後田","lat":34.817585,"lng":137.192993},{"town":"鹿島町","koaza":"中郷","lat":34.814147,"lng":137.193109},{"town":"西迫町","koaza":"馬乗","lat":34.833248,"lng":137.194323},{"town":"鹿島町","koaza":"宮ノ要","lat":34.815432,"lng":137.193049},{"town":"鹿島町","koaza":"井ノ木林","lat":34.819247,"lng":137.193158},{"town":"鹿島町","koaza":"浅井新田","lat":34.811645,"lng":137.195016},{"town":"竹谷町","koaza":"松田","lat":34.830533,"lng":137.196415},{"town":"鹿島町","koaza":"深田","lat":34.815803,"lng":137.194021},{"town":"拾石町","koaza":"墓土","lat":34.820581,"lng":137.19374},{"town":"鹿島町","koaza":"ドドメキ","lat":34.819154,"lng":137.19499},{"town":"西迫町","koaza":"本郷","lat":34.835554,"lng":137.199237},{"town":"拾石町","koaza":"岡","lat":34.822801,"lng":137.194279},{"town":"鹿島町","koaza":"浜田","lat":34.813614,"lng":137.194293},{"town":"柏原町","koaza":"坂野","lat":34.84678,"lng":137.197278},{"town":"鹿島町","koaza":"柴崎","lat":34.817437,"lng":137.194903},{"town":"鹿島町","koaza":"東山","lat":34.814567,"lng":137.194826},{"town":"拾石町","koaza":"野田","lat":34.823129,"lng":137.196723},{"town":"鹿島町","koaza":"鬼越","lat":34.813683,"lng":137.19628},{"town":"拾石町","koaza":"押迫","lat":34.820271,"lng":137.195361},{"town":"柏原町","koaza":"大迫","lat":34.854473,"lng":137.202458},{"town":"拾石町","koaza":"晩野","lat":34.825975,"lng":137.196207},{"town":"拾石町","koaza":"口無シ","lat":34.820868,"lng":137.196149},{"town":"西迫町","koaza":"荒子","lat":34.833223,"lng":137.19758},{"town":"拾石町","koaza":"土取","lat":34.825723,"lng":137.196086},{"town":"竹谷町","koaza":"野川","lat":34.828914,"lng":137.197672},{"town":"拾石町","koaza":"ゾウシダ","lat":34.819205,"lng":137.197024},{"town":"拾石町","koaza":"大海","lat":34.821629,"lng":137.196737},{"town":"西迫町","koaza":"足洗","lat":34.831673,"lng":137.198838},{"town":"拾石町","koaza":"法前","lat":34.822358,"lng":137.197458},{"town":"拾石町","koaza":"五反田","lat":34.821675,"lng":137.198258},{"town":"拾石町","koaza":"三田","lat":34.823896,"lng":137.197153},{"town":"拾石町","koaza":"海越","lat":34.814987,"lng":137.198517},{"town":"拾石町","koaza":"宮前","lat":34.818798,"lng":137.198482},{"town":"拾石町","koaza":"向イ","lat":34.816332,"lng":137.198827},{"town":"竹谷町","koaza":"大久古","lat":34.840438,"lng":137.203922},{"town":"拾石町","koaza":"二反田","lat":34.820096,"lng":137.198178},{"town":"拾石町","koaza":"七反田","lat":34.823141,"lng":137.198517},{"town":"拾石町","koaza":"広見","lat":34.824421,"lng":137.198772},{"town":"竹谷町","koaza":"玉ノ木","lat":34.840539,"lng":137.200621},{"town":"拾石町","koaza":"前田","lat":34.818339,"lng":137.19955},{"town":"拾石町","koaza":"中屋敷","lat":34.821079,"lng":137.198958},{"town":"拾石町","koaza":"浅岡","lat":34.814714,"lng":137.19978},{"town":"拾石町","koaza":"倉田","lat":34.82262,"lng":137.199089},{"town":"西迫町","koaza":"平畑","lat":34.832924,"lng":137.199407},{"town":"拾石町","koaza":"本郷","lat":34.820407,"lng":137.20034},{"town":"西迫町","koaza":"貧乏山","lat":34.838116,"lng":137.202929},{"town":"西迫町","koaza":"仲迫","lat":34.835373,"lng":137.201172},{"town":"拾石町","koaza":"シミズ","lat":34.821572,"lng":137.1995},{"town":"竹谷町","koaza":"足洗","lat":34.829466,"lng":137.201811},{"town":"竹谷町","koaza":"上松","lat":34.829,"lng":137.200825},{"town":"竹谷町","koaza":"今御堂","lat":34.826926,"lng":137.201888},{"town":"竹谷町","koaza":"日坂野","lat":34.825202,"lng":137.200846},{"town":"拾石町","koaza":"見取","lat":34.815792,"lng":137.200267},{"town":"西迫町","koaza":"田部","lat":34.831677,"lng":137.200757},{"town":"西迫町","koaza":"郷度","lat":34.83334,"lng":137.200369},{"town":"拾石町","koaza":"縄手添","lat":34.82302,"lng":137.200456},{"town":"拾石町","koaza":"浜田","lat":34.822094,"lng":137.200147},{"town":"竹谷町","koaza":"八ツケ口","lat":34.841627,"lng":137.207321},{"town":"拾石町","koaza":"塩浜","lat":34.82166,"lng":137.201481},{"town":"竹谷町","koaza":"油井","lat":34.82471,"lng":137.201487},{"town":"拾石町","koaza":"前浜","lat":34.818448,"lng":137.201871},{"town":"西迫町","koaza":"鳥井松","lat":34.836031,"lng":137.202933},{"town":"拾石町","koaza":"東浜","lat":34.820196,"lng":137.204137},{"town":"西迫町","koaza":"向ヒ山","lat":34.833719,"lng":137.203665},{"town":"柏原町","koaza":"桜迫","lat":34.845312,"lng":137.205138},{"town":"竹谷町","koaza":"西ケ崎","lat":34.829624,"lng":137.203101},{"town":"竹谷町","koaza":"油井浜","lat":34.824478,"lng":137.204336},{"town":"竹谷町","koaza":"月田","lat":34.831728,"lng":137.203676},{"town":"西迫町","koaza":"小社","lat":34.835542,"lng":137.2032},{"town":"竹谷町","koaza":"七反","lat":34.828545,"lng":137.20301},{"town":"竹谷町","koaza":"井瀬木","lat":34.826076,"lng":137.204069},{"town":"竹谷町","koaza":"元町","lat":34.827519,"lng":137.20535},{"town":"竹谷町","koaza":"土生","lat":34.828876,"lng":137.205735},{"town":"竹谷町","koaza":"政久","lat":34.834916,"lng":137.204871},{"town":"竹谷町","koaza":"浜家","lat":34.826775,"lng":137.205518},{"town":"竹谷町","koaza":"神田","lat":34.833915,"lng":137.206936},{"town":"竹谷町","koaza":"太田新田","lat":34.82184,"lng":137.207465},{"town":"竹谷町","koaza":"内山","lat":34.831712,"lng":137.206561},{"town":"竹谷町","koaza":"上ノ山","lat":34.8305,"lng":137.205337},{"town":"竹谷町","koaza":"前浜","lat":34.82523,"lng":137.205895},{"town":"坂本町","koaza":"深山","lat":34.864112,"lng":137.217039},{"town":"竹谷町","koaza":"奥林","lat":34.835409,"lng":137.207003},{"town":"柏原町","koaza":"外田","lat":34.843904,"lng":137.206028},{"town":"竹谷町","koaza":"泉","lat":34.830027,"lng":137.20705},{"town":"竹谷町","koaza":"蟹洗","lat":34.826992,"lng":137.207291},{"town":"柏原町","koaza":"亀山","lat":34.8568,"lng":137.208269},{"town":"竹谷町","koaza":"作間","lat":34.831701,"lng":137.208255},{"town":"柏原町","koaza":"堂山","lat":34.844625,"lng":137.20849},{"town":"竹谷町","koaza":"錦田","lat":34.829339,"lng":137.20804},{"town":"柏原町","koaza":"川添","lat":34.842036,"lng":137.208468},{"town":"竹谷町","koaza":"池下","lat":34.838785,"lng":137.209048},{"town":"柏原町","koaza":"川原","lat":34.840079,"lng":137.208598},{"town":"竹谷町","koaza":"中長","lat":34.836397,"lng":137.207887},{"town":"竹谷町","koaza":"梅薮","lat":34.825162,"lng":137.208479},{"town":"竹谷町","koaza":"一ノ坪","lat":34.827355,"lng":137.2092},{"town":"竹谷町","koaza":"松本","lat":34.828717,"lng":137.2096},{"town":"柏原町","koaza":"石神","lat":34.842249,"lng":137.209403},{"town":"竹谷町","koaza":"浜田","lat":34.825926,"lng":137.210059},{"town":"竹谷町","koaza":"横井","lat":34.833242,"lng":137.210464},{"town":"竹谷町","koaza":"東作間","lat":34.830411,"lng":137.210539},{"town":"竹谷町","koaza":"道泉","lat":34.834339,"lng":137.210113},{"town":"柏原町","koaza":"中原","lat":34.842584,"lng":137.211279},{"town":"竹谷町","koaza":"井ノ上","lat":34.836311,"lng":137.209887},{"town":"竹谷町","koaza":"鍜治替戸","lat":34.836424,"lng":137.21068},{"town":"柏原町","koaza":"尺地田","lat":34.84024,"lng":137.211076},{"town":"柏原町","koaza":"加治替戸","lat":34.838583,"lng":137.210609},{"town":"竹谷町","koaza":"中野","lat":34.82844,"lng":137.210904},{"town":"竹谷町","koaza":"西ノ浜","lat":34.824448,"lng":137.211169},{"town":"竹谷町","koaza":"江畑","lat":34.82656,"lng":137.211555},{"town":"竹谷町","koaza":"江尻","lat":34.826274,"lng":137.212237},{"town":"竹谷町","koaza":"宮前","lat":34.832148,"lng":137.211808},{"town":"柏原町","koaza":"中田","lat":34.840756,"lng":137.21169},{"town":"竹谷町","koaza":"稲荷","lat":34.835894,"lng":137.211947},{"town":"柏原町","koaza":"稲荷","lat":34.837303,"lng":137.212438},{"town":"竹谷町","koaza":"下日山","lat":34.828473,"lng":137.212046},{"town":"竹谷町","koaza":"犬飼","lat":34.824448,"lng":137.212577},{"town":"竹谷町","koaza":"小山","lat":34.834789,"lng":137.212541},{"town":"柏原町","koaza":"小敷塚","lat":34.840215,"lng":137.21262},{"town":"竹谷町","koaza":"上日山","lat":34.83274,"lng":137.213155},{"town":"竹谷町","koaza":"犬飼港","lat":34.82367,"lng":137.212878},{"town":"竹谷町","koaza":"迫","lat":34.829355,"lng":137.213726},{"town":"柏原町","koaza":"鉄砲","lat":34.839723,"lng":137.213363},{"town":"柏原町","koaza":"小山","lat":34.837388,"lng":137.214672},{"town":"竹谷町","koaza":"王子","lat":34.832836,"lng":137.214509},{"town":"竹谷町","koaza":"新井","lat":34.827252,"lng":137.21331},{"town":"柏原町","koaza":"平古","lat":34.843064,"lng":137.214005},{"town":"神ノ郷町","koaza":"高保炉","lat":34.851934,"lng":137.221373},{"town":"神ノ郷町","koaza":"名取","lat":34.841224,"lng":137.216488},{"town":"神ノ郷町","koaza":"上名取","lat":34.846016,"lng":137.216705},{"town":"神ノ郷町","koaza":"地蔵ケ崎","lat":34.826098,"lng":137.214876},{"town":"神ノ郷町","koaza":"下向山","lat":34.828581,"lng":137.215269},{"town":"神ノ郷町","koaza":"舟川原","lat":34.839212,"lng":137.215026},{"town":"神ノ郷町","koaza":"上向山","lat":34.836426,"lng":137.216433},{"town":"神ノ郷町","koaza":"和合","lat":34.828728,"lng":137.216096},{"town":"神ノ郷町","koaza":"中向山","lat":34.834872,"lng":137.217885},{"town":"神ノ郷町","koaza":"山添","lat":34.833608,"lng":137.217362},{"town":"神ノ郷町","koaza":"冷越","lat":34.831604,"lng":137.216773},{"town":"坂本町","koaza":"大沢","lat":34.863312,"lng":137.224128},{"town":"坂本町","koaza":"刎坂","lat":34.857201,"lng":137.222234},{"town":"神ノ郷町","koaza":"南蔵伝","lat":34.833906,"lng":137.21901},{"town":"神ノ郷町","koaza":"足後","lat":34.837828,"lng":137.218541},{"town":"神ノ郷町","koaza":"上蔵伝","lat":34.834759,"lng":137.219272},{"town":"神ノ郷町","koaza":"久古","lat":34.845348,"lng":137.221241},{"town":"神ノ郷町","koaza":"新林","lat":34.849268,"lng":137.222241},{"town":"神ノ郷町","koaza":"下門前","lat":34.836843,"lng":137.219726},{"town":"神ノ郷町","koaza":"御開塔","lat":34.839144,"lng":137.220155},{"town":"神ノ郷町","koaza":"東蔵伝","lat":34.834283,"lng":137.220338},{"town":"坂本町","koaza":"鬚梨","lat":34.859167,"lng":137.220931},{"town":"神ノ郷町","koaza":"皆後沢","lat":34.835572,"lng":137.220568},{"town":"神ノ郷町","koaza":"西門前","lat":34.842222,"lng":137.221492},{"town":"神ノ郷町","koaza":"五反田","lat":34.836679,"lng":137.223711},{"town":"坂本町","koaza":"松ノ木","lat":34.859223,"lng":137.223176},{"town":"神ノ郷町","koaza":"桃山","lat":34.846091,"lng":137.22263},{"town":"神ノ郷町","koaza":"中山本","lat":34.844344,"lng":137.222615},{"town":"神ノ郷町","koaza":"上野","lat":34.836236,"lng":137.222358},{"town":"坂本町","koaza":"向郷","lat":34.855069,"lng":137.22445},{"town":"神ノ郷町","koaza":"宮間","lat":34.838806,"lng":137.222644},{"town":"神ノ郷町","koaza":"中田","lat":34.840731,"lng":137.222366},{"town":"神ノ郷町","koaza":"東門前","lat":34.842355,"lng":137.222406},{"town":"神ノ郷町","koaza":"下市場","lat":34.840449,"lng":137.223954},{"town":"坂本町","koaza":"助坊","lat":34.85899,"lng":137.224628},{"town":"坂本町","koaza":"須田","lat":34.857856,"lng":137.224302},{"town":"神ノ郷町","koaza":"殿市場","lat":34.841125,"lng":137.22429},{"town":"清田町","koaza":"向田","lat":34.847414,"lng":137.226995},{"town":"神ノ郷町","koaza":"兼京","lat":34.84555,"lng":137.223445},{"town":"神ノ郷町","koaza":"出口","lat":34.837565,"lng":137.223751},{"town":"神ノ郷町","koaza":"高松","lat":34.846962,"lng":137.223851},{"town":"神ノ郷町","koaza":"壱町田","lat":34.840001,"lng":137.224337},{"town":"神ノ郷町","koaza":"麻畑","lat":34.843343,"lng":137.224058},{"town":"神ノ郷町","koaza":"大宮後","lat":34.835539,"lng":137.223899},{"town":"神ノ郷町","koaza":"横枕","lat":34.83853,"lng":137.22441},{"town":"神ノ郷町","koaza":"下り橋","lat":34.836265,"lng":137.224622},{"town":"神ノ郷町","koaza":"山見堂","lat":34.846607,"lng":137.224841},{"town":"神ノ郷町","koaza":"矢倉場","lat":34.845872,"lng":137.226538},{"town":"神ノ郷町","koaza":"城山","lat":34.84242,"lng":137.225064},{"town":"坂本町","koaza":"広田","lat":34.855715,"lng":137.225337},{"town":"神ノ郷町","koaza":"後田","lat":34.844069,"lng":137.225375},{"town":"坂本町","koaza":"坂口","lat":34.85838,"lng":137.22611},{"town":"蒲郡町","koaza":"貴船","lat":34.835415,"lng":137.226327},{"town":"神ノ郷町","koaza":"清房","lat":34.843046,"lng":137.226021},{"town":"坂本町","koaza":"中屋敷","lat":34.857817,"lng":137.226407},{"town":"神ノ郷町","koaza":"国京","lat":34.83779,"lng":137.226311},{"town":"神ノ郷町","koaza":"森前","lat":34.839189,"lng":137.226049},{"town":"坂本町","koaza":"前田","lat":34.854847,"lng":137.22619},{"town":"神ノ郷町","koaza":"大町","lat":34.837897,"lng":137.225613},{"town":"神ノ郷町","koaza":"森","lat":34.841627,"lng":137.226198},{"town":"神ノ郷町","koaza":"宮前","lat":34.840521,"lng":137.227011},{"town":"坂本町","koaza":"入","lat":34.857723,"lng":137.22837},{"town":"蒲郡町","koaza":"荒子","lat":34.834317,"lng":137.229552},{"town":"坂本町","koaza":"道塚","lat":34.85648,"lng":137.228498},{"town":"神ノ郷町","koaza":"欠下","lat":34.843179,"lng":137.22803},{"town":"神ノ郷町","koaza":"矢台","lat":34.843006,"lng":137.228332},{"town":"坂本町","koaza":"大口","lat":34.853973,"lng":137.228365},{"town":"神ノ郷町","koaza":"東川原","lat":34.840028,"lng":137.228108},{"town":"坂本町","koaza":"持山","lat":34.859079,"lng":137.227951},{"town":"水竹町","koaza":"西清水川","lat":34.838995,"lng":137.229348},{"town":"清田町","koaza":"大口","lat":34.851491,"lng":137.228725},{"town":"坂本町","koaza":"下リ郷","lat":34.853305,"lng":137.230243},{"town":"水竹町","koaza":"木船","lat":34.837095,"lng":137.22963},{"town":"水竹町","koaza":"西川原","lat":34.844817,"lng":137.229987},{"town":"水竹町","koaza":"下川原","lat":34.841016,"lng":137.228966},{"town":"三谷町","koaza":"大島","lat":34.788166,"lng":137.232786},{"town":"水竹町","koaza":"柿田","lat":34.841779,"lng":137.22952},{"town":"清田町","koaza":"西川原","lat":34.847251,"lng":137.230528},{"town":"水竹町","koaza":"東清水川","lat":34.83885,"lng":137.230132},{"town":"清田町","koaza":"欠下","lat":34.848849,"lng":137.230163},{"town":"水竹町","koaza":"下柿田","lat":34.843079,"lng":137.229993},{"town":"水竹町","koaza":"花掛","lat":34.835946,"lng":137.230257},{"town":"水竹町","koaza":"大坪","lat":34.840595,"lng":137.230057},{"town":"清田町","koaza":"田ノ入","lat":34.849036,"lng":137.232384},{"town":"清田町","koaza":"門前","lat":34.842608,"lng":137.231018},{"town":"水竹町","koaza":"天王前","lat":34.834942,"lng":137.232042},{"town":"水竹町","koaza":"下島","lat":34.83695,"lng":137.231696},{"town":"水竹町","koaza":"上リ島","lat":34.838872,"lng":137.23147},{"town":"水竹町","koaza":"干瓜","lat":34.845347,"lng":137.231492},{"town":"水竹町","koaza":"若森","lat":34.833021,"lng":137.231114},{"town":"清田町","koaza":"下清田","lat":34.840409,"lng":137.232406},{"town":"清田町","koaza":"下新屋","lat":34.846461,"lng":137.232961},{"town":"清田町","koaza":"間堰","lat":34.842992,"lng":137.233299},{"town":"水竹町","koaza":"千丸","lat":34.833796,"lng":137.233543},{"town":"清田町","koaza":"福羅田","lat":34.844627,"lng":137.232975},{"town":"水竹町","koaza":"東脇島","lat":34.837807,"lng":137.232757},{"town":"水竹町","koaza":"西後所","lat":34.839258,"lng":137.23359},{"town":"清田町","koaza":"中新屋","lat":34.848789,"lng":137.234531},{"town":"清田町","koaza":"福良田","lat":34.844044,"lng":137.233774},{"town":"清田町","koaza":"夏目","lat":34.840514,"lng":137.233924},{"town":"水竹町","koaza":"半海道","lat":34.837488,"lng":137.235032},{"town":"新井形町","koaza":"徳正寺","lat":34.831237,"lng":137.234061},{"town":"水竹町","koaza":"西千丸","lat":34.832389,"lng":137.233476},{"town":"水竹町","koaza":"東千丸","lat":34.83202,"lng":137.233979},{"town":"清田町","koaza":"前田","lat":34.842459,"lng":137.235148},{"town":"新井形町","koaza":"殿海道","lat":34.831862,"lng":137.235485},{"town":"水竹町","koaza":"横枕","lat":34.835542,"lng":137.23484},{"town":"清田町","koaza":"下大内","lat":34.846537,"lng":137.23555},{"town":"清田町","koaza":"三反田","lat":34.841359,"lng":137.235187},{"town":"清田町","koaza":"下中郷","lat":34.844071,"lng":137.235385},{"town":"水竹町","koaza":"東後所","lat":34.839594,"lng":137.235358},{"town":"府相町","koaza":"端廻","lat":34.821599,"lng":137.236109},{"town":"清田町","koaza":"一沢","lat":34.840495,"lng":137.235379},{"town":"府相町","koaza":"堀込","lat":34.824838,"lng":137.23533},{"town":"清田町","koaza":"上中郷","lat":34.845659,"lng":137.236222},{"town":"新井形町","koaza":"新井","lat":34.830742,"lng":137.23589},{"town":"水竹町","koaza":"下大塔","lat":34.838944,"lng":137.236749},{"town":"水竹町","koaza":"西小深田","lat":34.83388,"lng":137.236571},{"town":"府相町","koaza":"新井前","lat":34.822139,"lng":137.235845},{"town":"新井形町","koaza":"前道下","lat":34.829178,"lng":137.235654},{"town":"蒲郡町","koaza":"堀込","lat":34.827363,"lng":137.235773},{"town":"清田町","koaza":"小栗見","lat":34.857094,"lng":137.242499},{"town":"清田町","koaza":"東大内","lat":34.847754,"lng":137.236591},{"town":"新井形町","koaza":"野添","lat":34.829424,"lng":137.236306},{"town":"水竹町","koaza":"上青山","lat":34.838178,"lng":137.237156},{"town":"水竹町","koaza":"池下","lat":34.837773,"lng":137.236134},{"town":"水竹町","koaza":"上大塔","lat":34.840042,"lng":137.237404},{"town":"清田町","koaza":"葉蒲","lat":34.843331,"lng":137.236682},{"town":"清田町","koaza":"上大内","lat":34.849771,"lng":137.237403},{"town":"水竹町","koaza":"小深田","lat":34.833348,"lng":137.237033},{"town":"水竹町","koaza":"松前","lat":34.835411,"lng":137.237417},{"town":"水竹町","koaza":"一反田","lat":34.83551,"lng":137.236311},{"town":"清田町","koaza":"五反田","lat":34.840806,"lng":137.237257},{"town":"清田町","koaza":"岡前","lat":34.843753,"lng":137.237595},{"town":"清田町","koaza":"上新屋","lat":34.853112,"lng":137.237151},{"town":"水竹町","koaza":"下青山","lat":34.837345,"lng":137.23702},{"town":"清田町","koaza":"岡","lat":34.846608,"lng":137.237939},{"town":"平田町","koaza":"上五反田","lat":34.830014,"lng":137.237467},{"town":"三谷町","koaza":"野添","lat":34.825361,"lng":137.236673},{"town":"平田町","koaza":"上六反田","lat":34.83136,"lng":137.237323},{"town":"清田町","koaza":"膳棚","lat":34.857017,"lng":137.237621},{"town":"平田町","koaza":"下五反田","lat":34.828948,"lng":137.23796},{"town":"平田町","koaza":"下六反田","lat":34.828118,"lng":137.238271},{"town":"清田町","koaza":"上里","lat":34.851864,"lng":137.238341},{"town":"府相町","koaza":"御馬","lat":34.82089,"lng":137.237291},{"town":"平田町","koaza":"南","lat":34.827074,"lng":137.239122},{"town":"水竹町","koaza":"下沖田","lat":34.833402,"lng":137.238546},{"town":"清田町","koaza":"石原","lat":34.84295,"lng":137.238253},{"town":"清田町","koaza":"沖田","lat":34.836052,"lng":137.238816},{"town":"清田町","koaza":"井戸ケ沢","lat":34.853304,"lng":137.242333},{"town":"清田町","koaza":"橋詰","lat":34.838132,"lng":137.239409},{"town":"平田町","koaza":"二反田","lat":34.830718,"lng":137.238868},{"town":"清田町","koaza":"堀後","lat":34.839983,"lng":137.238427},{"town":"清田町","koaza":"木森","lat":34.845717,"lng":137.242474},{"town":"三谷町","koaza":"須田","lat":34.819361,"lng":137.240307},{"town":"平田町","koaza":"門田","lat":34.82889,"lng":137.239029},{"town":"水竹町","koaza":"上沖田","lat":34.835361,"lng":137.239604},{"town":"五井町","koaza":"岡海道","lat":34.839154,"lng":137.241841},{"town":"清田町","koaza":"柳田","lat":34.841981,"lng":137.240388},{"town":"三谷町","koaza":"水神町通","lat":34.814421,"lng":137.242201},{"town":"平田町","koaza":"西長根","lat":34.828683,"lng":137.241186},{"town":"三谷町","koaza":"九舗","lat":34.816549,"lng":137.241556},{"town":"五井町","koaza":"高立野","lat":34.834121,"lng":137.240514},{"town":"平田町","koaza":"前田","lat":34.827503,"lng":137.240124},{"town":"三谷町","koaza":"十舗","lat":34.817763,"lng":137.241387},{"town":"五井町","koaza":"西郷","lat":34.837806,"lng":137.242225},{"town":"平田町","koaza":"松下","lat":34.829627,"lng":137.241176},{"town":"清田町","koaza":"西観嶽","lat":34.842873,"lng":137.241001},{"town":"平田町","koaza":"長根","lat":34.82864,"lng":137.242294},{"town":"五井町","koaza":"高立田","lat":34.832562,"lng":137.2425},{"town":"清田町","koaza":"竹ノ下","lat":34.841519,"lng":137.241516},{"town":"平田町","koaza":"餅田","lat":34.830792,"lng":137.241104},{"town":"平田町","koaza":"向湯田","lat":34.831488,"lng":137.241588},{"town":"豊岡町","koaza":"前野","lat":34.826162,"lng":137.242838},{"town":"平田町","koaza":"向田","lat":34.830908,"lng":137.242458},{"town":"平田町","koaza":"下長根","lat":34.828104,"lng":137.24241},{"town":"五井町","koaza":"殿海道","lat":34.834251,"lng":137.242632},{"town":"清田町","koaza":"東観嶽","lat":34.842639,"lng":137.242843},{"town":"豊岡町","koaza":"姥子","lat":34.82674,"lng":137.242517},{"town":"五井町","koaza":"古道","lat":34.835783,"lng":137.242661},{"town":"三谷町","koaza":"西畑","lat":34.818377,"lng":137.242873},{"town":"清田町","koaza":"大駄和","lat":34.852494,"lng":137.24572},{"town":"三谷町","koaza":"船町通","lat":34.814558,"lng":137.245979},{"town":"三谷町","koaza":"八舗","lat":34.816757,"lng":137.244699},{"town":"三谷町","koaza":"常徳","lat":34.819321,"lng":137.243701},{"town":"豊岡町","koaza":"池田","lat":34.829349,"lng":137.244271},{"town":"五井町","koaza":"下長根","lat":34.832638,"lng":137.244426},{"town":"三谷町","koaza":"築地","lat":34.818738,"lng":137.245083},{"town":"五井町","koaza":"堂前","lat":34.835376,"lng":137.244969},{"town":"豊岡町","koaza":"六ツ田","lat":34.8248,"lng":137.24514},{"town":"五井町","koaza":"中郷","lat":34.83724,"lng":137.245422},{"town":"豊岡町","koaza":"梶田","lat":34.831075,"lng":137.245466},{"town":"豊岡町","koaza":"下長根","lat":34.831345,"lng":137.245205},{"town":"豊岡町","koaza":"川屋","lat":34.827206,"lng":137.244355},{"town":"五井町","koaza":"山添","lat":34.834351,"lng":137.246569},{"town":"豊岡町","koaza":"満土呂","lat":34.826167,"lng":137.245738},{"town":"豊岡町","koaza":"阿原","lat":34.823796,"lng":137.244879},{"town":"五井町","koaza":"西山海道","lat":34.839896,"lng":137.246143},{"town":"三谷町","koaza":"七舗","lat":34.816053,"lng":137.246627},{"town":"三谷町","koaza":"迫","lat":34.818273,"lng":137.246419},{"town":"五井町","koaza":"五反田","lat":34.835637,"lng":137.246732},{"town":"豊岡町","koaza":"薮田","lat":34.823857,"lng":137.247408},{"town":"豊岡町","koaza":"殿門","lat":34.827951,"lng":137.246656},{"town":"豊岡町","koaza":"国府地川","lat":34.829556,"lng":137.247188},{"town":"三谷町","koaza":"祢々谷","lat":34.818717,"lng":137.246517},{"town":"五井町","koaza":"東山海道","lat":34.839722,"lng":137.247677},{"town":"豊岡町","koaza":"畑ケ田","lat":34.824499,"lng":137.247654},{"town":"三谷町","koaza":"港町通","lat":34.813797,"lng":137.247746},{"town":"豊岡町","koaza":"向山","lat":34.822824,"lng":137.247213},{"town":"五井町","koaza":"小井戸","lat":34.836922,"lng":137.247322},{"town":"豊岡町","koaza":"上長根","lat":34.834613,"lng":137.247637},{"town":"豊岡町","koaza":"石田","lat":34.82616,"lng":137.247855},{"town":"豊岡町","koaza":"川縁り","lat":34.828987,"lng":137.247631},{"town":"豊岡町","koaza":"中屋敷","lat":34.831601,"lng":137.248319},{"town":"三谷町","koaza":"平口","lat":34.817316,"lng":137.248702},{"town":"五井町","koaza":"山田","lat":34.841901,"lng":137.255714},{"town":"三谷町","koaza":"六舗","lat":34.815494,"lng":137.248011},{"town":"豊岡町","koaza":"平田門","lat":34.827945,"lng":137.24843},{"town":"五井町","koaza":"東郷","lat":34.838035,"lng":137.249326},{"town":"豊岡町","koaza":"砂田","lat":34.833931,"lng":137.248731},{"town":"三谷町","koaza":"松前","lat":34.81153,"lng":137.250293},{"town":"豊岡町","koaza":"白山","lat":34.824145,"lng":137.248839},{"town":"豊岡町","koaza":"新田","lat":34.822673,"lng":137.248952},{"town":"三谷町","koaza":"五舗","lat":34.814495,"lng":137.249181},{"town":"豊岡町","koaza":"松海道","lat":34.829566,"lng":137.250027},{"town":"豊岡町","koaza":"堀合","lat":34.821458,"lng":137.24911},{"town":"豊岡町","koaza":"軒山","lat":34.832214,"lng":137.250007},{"town":"三谷町","koaza":"若宮","lat":34.8086,"lng":137.251262},{"town":"三谷町","koaza":"四舗","lat":34.816605,"lng":137.249434},{"town":"三谷町","koaza":"上野","lat":34.817411,"lng":137.249235},{"town":"豊岡町","koaza":"走り田","lat":34.831236,"lng":137.24966},{"town":"豊岡町","koaza":"中村","lat":34.822204,"lng":137.250778},{"town":"三谷町","koaza":"二舗","lat":34.812949,"lng":137.250294},{"town":"豊岡町","koaza":"長田","lat":34.828957,"lng":137.250279},{"town":"豊岡町","koaza":"山田","lat":34.834059,"lng":137.249888},{"town":"豊岡町","koaza":"清水","lat":34.8343,"lng":137.252269},{"town":"豊岡町","koaza":"小丸山","lat":34.836266,"lng":137.25128},{"town":"豊岡町","koaza":"五反田","lat":34.826521,"lng":137.250208},{"town":"豊岡町","koaza":"鍜治薬師","lat":34.824319,"lng":137.250814},{"town":"三谷町","koaza":"三舗","lat":34.815485,"lng":137.250943},{"town":"三谷町","koaza":"川原","lat":34.817497,"lng":137.250668},{"town":"豊岡町","koaza":"権現","lat":34.820811,"lng":137.250175},{"town":"三谷町","koaza":"正眼庵","lat":34.817677,"lng":137.251549},{"town":"三谷町","koaza":"高松","lat":34.814058,"lng":137.250977},{"town":"豊岡町","koaza":"川筋","lat":34.82591,"lng":137.250947},{"town":"三谷町","koaza":"東前","lat":34.810379,"lng":137.252925},{"town":"豊岡町","koaza":"下前田","lat":34.822226,"lng":137.251367},{"town":"豊岡町","koaza":"西矢田","lat":34.820253,"lng":137.251404},{"town":"豊岡町","koaza":"上前田","lat":34.823465,"lng":137.252155},{"town":"三谷町","koaza":"弥生三丁目","lat":34.812975,"lng":137.252606},{"town":"三谷町","koaza":"前田","lat":34.815651,"lng":137.252105},{"town":"豊岡町","koaza":"小迫","lat":34.826604,"lng":137.251745},{"town":"豊岡町","koaza":"舟山","lat":34.827229,"lng":137.251638},{"town":"豊岡町","koaza":"溝下","lat":34.832532,"lng":137.253246},{"town":"豊岡町","koaza":"東矢田","lat":34.820684,"lng":137.252741},{"town":"三谷町","koaza":"惣作","lat":34.81672,"lng":137.252277},{"town":"三谷町","koaza":"弥生二丁目","lat":34.813454,"lng":137.252904},{"town":"豊岡町","koaza":"八ツ田","lat":34.829675,"lng":137.254396},{"town":"豊岡町","koaza":"西門","lat":34.825277,"lng":137.253909},{"town":"三谷町","koaza":"東五丁目","lat":34.811041,"lng":137.255133},{"town":"三谷町","koaza":"西山","lat":34.819791,"lng":137.2529},{"town":"豊岡町","koaza":"陳ノ山","lat":34.821453,"lng":137.253816},{"town":"豊岡町","koaza":"イヨ","lat":34.8303,"lng":137.254098},{"town":"三谷町","koaza":"東二丁目","lat":34.81674,"lng":137.255207},{"town":"三谷町","koaza":"鳶欠","lat":34.807355,"lng":137.254884},{"town":"三谷町","koaza":"壱舗","lat":34.810405,"lng":137.253886},{"town":"三谷町","koaza":"弥生一丁目","lat":34.815163,"lng":137.254356},{"town":"豊岡町","koaza":"竹荒","lat":34.838199,"lng":137.255314},{"town":"豊岡町","koaza":"蓮池","lat":34.826904,"lng":137.255127},{"town":"豊岡町","koaza":"迫","lat":34.828676,"lng":137.255615},{"town":"豊岡町","koaza":"荒子","lat":34.827982,"lng":137.254725},{"town":"三谷町","koaza":"諏訪山","lat":34.819403,"lng":137.254766},{"town":"三谷町","koaza":"尻平田","lat":34.81757,"lng":137.253888},{"town":"豊岡町","koaza":"下久貝","lat":34.823174,"lng":137.255228},{"town":"豊岡町","koaza":"若地","lat":34.838419,"lng":137.25476},{"town":"三谷町","koaza":"東四丁目","lat":34.813373,"lng":137.255811},{"town":"三谷町","koaza":"諏訪東","lat":34.818041,"lng":137.255048},{"town":"三谷町","koaza":"姥ケ懐","lat":34.821376,"lng":137.255456},{"town":"豊岡町","koaza":"大迫","lat":34.831595,"lng":137.255486},{"town":"三谷町","koaza":"小迫","lat":34.809684,"lng":137.255526},{"town":"三谷町","koaza":"東三丁目","lat":34.814524,"lng":137.258251},{"town":"三谷町","koaza":"久保","lat":34.820747,"lng":137.255689},{"town":"豊岡町","koaza":"中久貝","lat":34.82467,"lng":137.255421},{"town":"豊岡町","koaza":"赤ジャリ","lat":34.825795,"lng":137.256316},{"town":"三谷町","koaza":"赤原","lat":34.806816,"lng":137.257791},{"town":"豊岡町","koaza":"国坂","lat":34.838783,"lng":137.257155},{"town":"豊岡町","koaza":"仏田","lat":34.823986,"lng":137.256542},{"town":"三谷町","koaza":"伊与戸","lat":34.818575,"lng":137.257176},{"town":"豊岡町","koaza":"仲ノ田","lat":34.828204,"lng":137.258878},{"town":"豊岡町","koaza":"黒岩","lat":34.830636,"lng":137.258815},{"town":"豊岡町","koaza":"膝堀","lat":34.832953,"lng":137.257806},{"town":"三谷町","koaza":"池田","lat":34.822349,"lng":137.25916},{"town":"三谷町","koaza":"苦ケ谷","lat":34.824399,"lng":137.258192},{"town":"三谷町","koaza":"狐塚","lat":34.823235,"lng":137.257959},{"town":"三谷町","koaza":"塚前","lat":34.81588,"lng":137.261513},{"town":"相楽町","koaza":"荒井","lat":34.82861,"lng":137.278199},{"town":"三谷町","koaza":"大迫","lat":34.808841,"lng":137.258087},{"town":"三谷町","koaza":"黒別当","lat":34.821279,"lng":137.261182},{"town":"三谷町","koaza":"東一丁目","lat":34.81519,"lng":137.260979},{"town":"三谷町","koaza":"南寺戸","lat":34.811912,"lng":137.25799},{"town":"豊岡町","koaza":"山林","lat":34.83035,"lng":137.261301},{"town":"三谷町","koaza":"竹沢","lat":34.818333,"lng":137.258737},{"town":"三谷町","koaza":"門立","lat":34.820402,"lng":137.262308},{"town":"三谷町","koaza":"田尻","lat":34.806952,"lng":137.260123},{"town":"三谷町","koaza":"南山","lat":34.810084,"lng":137.261393},{"town":"三谷町","koaza":"毛無","lat":34.823879,"lng":137.260412},{"town":"三谷町","koaza":"原山","lat":34.823128,"lng":137.262606},{"town":"三谷町","koaza":"正迫","lat":34.808328,"lng":137.261236},{"town":"三谷町","koaza":"青野","lat":34.816142,"lng":137.263144},{"town":"豊岡町","koaza":"曲り田","lat":34.83276,"lng":137.264969},{"town":"三谷町","koaza":"上星越","lat":34.812811,"lng":137.264102},{"town":"大塚町","koaza":"山ノ沢","lat":34.809679,"lng":137.264581},{"town":"大塚町","koaza":"伊賀久保","lat":34.8129,"lng":137.266359},{"town":"大塚町","koaza":"星越","lat":34.810495,"lng":137.267278},{"town":"大塚町","koaza":"狐狭間","lat":34.817858,"lng":137.278341},{"town":"大塚町","koaza":"西笠神","lat":34.815393,"lng":137.269276},{"town":"大塚町","koaza":"原山","lat":34.822297,"lng":137.273232},{"town":"大塚町","koaza":"小深田","lat":34.813421,"lng":137.270318},{"town":"大塚町","koaza":"犬口","lat":34.81958,"lng":137.270151},{"town":"大塚町","koaza":"十能","lat":34.811829,"lng":137.270088},{"town":"大塚町","koaza":"岸脇","lat":34.810443,"lng":137.269862},{"town":"大塚町","koaza":"東笠神","lat":34.815039,"lng":137.270651},{"town":"大塚町","koaza":"西屋敷","lat":34.811528,"lng":137.27295},{"town":"大塚町","koaza":"笠神","lat":34.818645,"lng":137.271476},{"town":"大塚町","koaza":"南笠神","lat":34.815132,"lng":137.27188},{"town":"大塚町","koaza":"下長尾","lat":34.814082,"lng":137.273709},{"town":"大塚町","koaza":"上長尾","lat":34.81839,"lng":137.272671},{"town":"大塚町","koaza":"上千尾","lat":34.819935,"lng":137.273966},{"town":"大塚町","koaza":"下千尾","lat":34.816933,"lng":137.274401},{"town":"大塚町","koaza":"杭内","lat":34.814113,"lng":137.27512},{"town":"大塚町","koaza":"勝川","lat":34.812585,"lng":137.275689},{"town":"大塚町","koaza":"仲野","lat":34.814594,"lng":137.276951},{"town":"大塚町","koaza":"蔵屋敷","lat":34.812467,"lng":137.27673},{"town":"大塚町","koaza":"百田","lat":34.818963,"lng":137.276479},{"town":"大塚町","koaza":"田神","lat":34.818012,"lng":137.277715},{"town":"大塚町","koaza":"平原","lat":34.813264,"lng":137.27876},{"town":"大塚町","koaza":"西海道","lat":34.816247,"lng":137.280972},{"town":"大塚町","koaza":"馬通","lat":34.814138,"lng":137.280162},{"town":"大塚町","koaza":"笹子","lat":34.816677,"lng":137.28298},{"town":"大塚町","koaza":"産子山","lat":34.813638,"lng":137.282075},{"town":"大塚町","koaza":"野添","lat":34.821125,"lng":137.284675},{"town":"相楽町","koaza":"上ミ","lat":34.828921,"lng":137.284006},{"town":"大塚町","koaza":"西島","lat":34.81335,"lng":137.283423},{"town":"大塚町","koaza":"斧磨","lat":34.824321,"lng":137.283371},{"town":"相楽町","koaza":"細田","lat":34.829764,"lng":137.285074},{"town":"大塚町","koaza":"八幡","lat":34.81889,"lng":137.285049},{"town":"大塚町","koaza":"端城","lat":34.814938,"lng":137.283647},{"town":"相楽町","koaza":"三月田","lat":34.827069,"lng":137.283872},{"town":"大塚町","koaza":"餅宇野","lat":34.823383,"lng":137.286047},{"town":"大塚町","koaza":"柴垣","lat":34.813864,"lng":137.286129},{"town":"相楽町","koaza":"仲屋","lat":34.82756,"lng":137.285338},{"town":"大塚町","koaza":"後広畑","lat":34.819383,"lng":137.286816},{"town":"相楽町","koaza":"門成","lat":34.830226,"lng":137.288467},{"town":"相楽町","koaza":"高田","lat":34.8301,"lng":137.286786},{"town":"大塚町","koaza":"上中島","lat":34.816084,"lng":137.287443},{"town":"相楽町","koaza":"宇佐野","lat":34.82509,"lng":137.287302},{"town":"大塚町","koaza":"大田","lat":34.821609,"lng":137.287029},{"town":"相楽町","koaza":"小畑ケ","lat":34.827926,"lng":137.289536},{"town":"大塚町","koaza":"大門","lat":34.813908,"lng":137.289885},{"town":"大塚町","koaza":"鎌倉","lat":34.813238,"lng":137.28823},{"town":"大塚町","koaza":"広畑","lat":34.816256,"lng":137.29014},{"town":"相楽町","koaza":"民成","lat":34.827413,"lng":137.287621},{"town":"大塚町","koaza":"松下","lat":34.822092,"lng":137.289718},{"town":"大塚町","koaza":"耕地海道","lat":34.81936,"lng":137.289782},{"town":"大塚町","koaza":"上向山","lat":34.817638,"lng":137.291909},{"town":"相楽町","koaza":"西川","lat":34.829416,"lng":137.292205},{"town":"相楽町","koaza":"五月田","lat":34.828185,"lng":137.291797},{"town":"大塚町","koaza":"南向山","lat":34.813597,"lng":137.292053},{"town":"相楽町","koaza":"向前","lat":34.82672,"lng":137.292109},{"town":"大塚町","koaza":"半後","lat":34.815809,"lng":137.293556},{"town":"大塚町","koaza":"丸山","lat":34.813062,"lng":137.294708},{"town":"相楽町","koaza":"五反田","lat":34.828256,"lng":137.293536},{"town":"相楽町","koaza":"下リ","lat":34.825646,"lng":137.294455},{"town":"相楽町","koaza":"溝下","lat":34.827756,"lng":137.293506},{"town":"相楽町","koaza":"平林","lat":34.829694,"lng":137.294383},{"town":"相楽町","koaza":"百々","lat":34.824386,"lng":137.299342},{"town":"相楽町","koaza":"日向","lat":34.825637,"lng":137.297545},{"town":"形原町","koaza":"東堤下","lat":34.805968,"lng":137.181046},{"town":"形原町","koaza":"東双太山","lat":34.80476,"lng":137.180118}]