[{"town":"荊木","lat":"33.917789","lng":"135.149678"},{"town":"熊野","lat":"33.886249","lng":"135.186059"},{"town":"岩内","lat":"33.887686","lng":"135.169987"},{"town":"御坊","lat":"33.888478","lng":"135.157686"},{"town":"塩屋町北塩屋","lat":"33.875364","lng":"135.176381"},{"town":"塩屋町南塩屋","lat":"33.863850","lng":"135.172307"},{"town":"島","lat":"33.892816","lng":"135.163872"},{"town":"薗","lat":"33.889980","lng":"135.153212"},{"town":"名田町上野","lat":"33.840487","lng":"135.189846"},{"town":"名田町楠井","lat":"33.827839","lng":"135.197774"},{"town":"名田町野島","lat":"33.845385","lng":"135.176125"},{"town":"名屋","lat":"33.879905","lng":"135.156325"},{"town":"名屋町一丁目","lat":"33.882515","lng":"135.158740"},{"town":"名屋町二丁目","lat":"33.881354","lng":"135.157677"},{"town":"名屋町三丁目","lat":"33.883066","lng":"135.154034"},{"town":"野口","lat":"33.898882","lng":"135.183696"},{"town":"藤田町藤井","lat":"33.907828","lng":"135.178254"},{"town":"藤田町吉田","lat":"33.918263","lng":"135.169992"},{"town":"明神川","lat":"33.870641","lng":"135.203797"},{"town":"湯川町小松原","lat":"33.905442","lng":"135.156966"},{"town":"湯川町財部","lat":"33.900035","lng":"135.156676"},{"town":"湯川町富安","lat":"33.930528","lng":"135.163970"},{"town":"湯川町丸山","lat":"33.909981","lng":"135.150658"}]