[{"town":"青谷","koaza":"","lat":34.865305,"lng":137.780628},{"town":"芦窪","koaza":"","lat":34.924873,"lng":137.755307},{"town":"阿寺","koaza":"","lat":34.942253,"lng":137.770511},{"town":"石神","koaza":"","lat":34.898976,"lng":137.76094},{"town":"伊砂","koaza":"","lat":34.907472,"lng":137.810133},{"town":"大川","koaza":"","lat":34.905564,"lng":137.828982},{"town":"大栗安","koaza":"","lat":34.940023,"lng":137.735966},{"town":"大谷","koaza":"","lat":34.876392,"lng":137.816017},{"town":"小川","koaza":"","lat":34.947565,"lng":137.85766},{"town":"上野","koaza":"","lat":34.890528,"lng":137.768961},{"town":"神沢","koaza":"","lat":34.944151,"lng":137.714875},{"town":"熊","koaza":"","lat":34.961583,"lng":137.746609},{"town":"佐久","koaza":"","lat":34.920149,"lng":137.839207},{"town":"佐久間町相月","koaza":"","lat":35.121441,"lng":137.868084},{"town":"佐久間町浦川","koaza":"","lat":35.024688,"lng":137.750251},{"town":"佐久間町大井","koaza":"","lat":35.086176,"lng":137.865324},{"town":"佐久間町奥領家","koaza":"","lat":35.143026,"lng":137.843479},{"town":"佐久間町上平山","koaza":"","lat":35.036394,"lng":137.868805},{"town":"佐久間町川合","koaza":"","lat":35.074907,"lng":137.78342},{"town":"佐久間町佐久間","koaza":"","lat":35.116452,"lng":137.818675},{"town":"佐久間町戸口","koaza":"","lat":35.06575,"lng":137.830621},{"town":"佐久間町中部","koaza":"","lat":35.084158,"lng":137.796162},{"town":"佐久間町半場","koaza":"","lat":35.069566,"lng":137.808029},{"town":"次郎八新田","koaza":"","lat":34.875331,"lng":137.820118},{"town":"相津","koaza":"","lat":34.919541,"lng":137.819505},{"town":"只来","koaza":"","lat":34.896683,"lng":137.854722},{"town":"龍山町大嶺","koaza":"","lat":34.98661,"lng":137.785755},{"town":"龍山町下平山","koaza":"","lat":35.005265,"lng":137.850316},{"town":"龍山町瀬尻","koaza":"","lat":35.024488,"lng":137.815232},{"town":"龍山町戸倉","koaza":"","lat":34.977188,"lng":137.845487},{"town":"月","koaza":"","lat":34.922669,"lng":137.803832},{"town":"長沢","koaza":"","lat":34.915387,"lng":137.741413},{"town":"西雲名","koaza":"","lat":34.950861,"lng":137.82534},{"town":"西藤平","koaza":"","lat":34.917194,"lng":137.768461},{"town":"春野町筏戸大上","koaza":"","lat":35.001775,"lng":137.954965},{"town":"春野町砂川","koaza":"","lat":34.977499,"lng":137.957484},{"town":"春野町石打松下","koaza":"","lat":35.00195,"lng":137.933286},{"town":"春野町石切","koaza":"","lat":35.055777,"lng":137.968023},{"town":"春野町和泉平","koaza":"","lat":34.962786,"lng":137.931564},{"town":"春野町大時","koaza":"","lat":34.969234,"lng":137.972615},{"town":"春野町小俣京丸","koaza":"","lat":35.081724,"lng":137.978494},{"town":"春野町川上","koaza":"","lat":35.074473,"lng":138.027425},{"town":"春野町胡桃平","koaza":"","lat":34.958282,"lng":137.9574},{"town":"春野町気田","koaza":"","lat":35.019198,"lng":137.89508},{"town":"春野町越木平","koaza":"","lat":35.004742,"lng":137.981364},{"town":"春野町五和","koaza":"","lat":35.015109,"lng":137.951419},{"town":"春野町杉","koaza":"","lat":35.031441,"lng":137.970775},{"town":"春野町田黒","koaza":"","lat":35.002644,"lng":137.943853},{"town":"春野町田河内","koaza":"","lat":35.001561,"lng":138.014734},{"town":"春野町長蔵寺","koaza":"","lat":34.987908,"lng":137.933888},{"town":"春野町豊岡","koaza":"","lat":35.056482,"lng":137.917364},{"town":"春野町花島","koaza":"","lat":34.981748,"lng":138.000855},{"town":"春野町堀之内","koaza":"","lat":34.95107,"lng":137.910924},{"town":"春野町牧野","koaza":"","lat":34.990626,"lng":137.967117},{"town":"春野町宮川","koaza":"","lat":34.991019,"lng":137.889471},{"town":"春野町領家","koaza":"","lat":34.953369,"lng":137.881692},{"town":"日明","koaza":"","lat":34.892065,"lng":137.810395},{"town":"東雲名","koaza":"","lat":34.953254,"lng":137.838242},{"town":"東藤平","koaza":"","lat":34.930729,"lng":137.786482},{"town":"二俣町阿蔵","koaza":"","lat":34.866112,"lng":137.835236},{"town":"二俣町大園","koaza":"","lat":34.87862,"lng":137.807284},{"town":"二俣町二俣","koaza":"","lat":34.86453,"lng":137.815796},{"town":"懐山","koaza":"","lat":34.919791,"lng":137.726767},{"town":"船明","koaza":"","lat":34.890593,"lng":137.819457},{"town":"水窪町奥領家","koaza":"","lat":35.228153,"lng":137.900556},{"town":"水窪町地頭方","koaza":"","lat":35.197067,"lng":137.977444},{"town":"水窪町山住","koaza":"","lat":35.139414,"lng":137.920238},{"town":"米沢","koaza":"","lat":34.893803,"lng":137.801249},{"town":"山東","koaza":"","lat":34.896601,"lng":137.834046},{"town":"谷山","koaza":"","lat":34.932733,"lng":137.82121},{"town":"横川","koaza":"","lat":34.905347,"lng":137.888856},{"town":"横山町","koaza":"","lat":34.946779,"lng":137.8028},{"town":"両島","koaza":"","lat":34.894395,"lng":137.792566},{"town":"緑恵台","koaza":"","lat":34.865979,"lng":137.798476},{"town":"渡ケ島","koaza":"","lat":34.866894,"lng":137.803736},{"town":"二俣町鹿島","koaza":"","lat":34.852625,"lng":137.806323},{"town":"二俣町南鹿島","koaza":"","lat":34.842652,"lng":137.808445}]