[{"town":"引佐町井伊谷","koaza":"","lat":"34.834189","lng":"137.675266"},{"town":"引佐町伊平","koaza":"","lat":"34.862679","lng":"137.660968"},{"town":"引佐町奥山","koaza":"","lat":"34.841817","lng":"137.616824"},{"town":"引佐町金指","koaza":"","lat":"34.823236","lng":"137.680654"},{"town":"引佐町狩宿","koaza":"","lat":"34.863584","lng":"137.607754"},{"town":"引佐町川名","koaza":"","lat":"34.872659","lng":"137.698655"},{"town":"引佐町黒渕","koaza":"","lat":"34.834797","lng":"137.654568"},{"town":"引佐町渋川","koaza":"","lat":"34.935788","lng":"137.677725"},{"town":"引佐町四方浄","koaza":"","lat":"34.890332","lng":"137.667096"},{"town":"引佐町白岩","koaza":"","lat":"34.840095","lng":"137.662366"},{"town":"引佐町田沢","koaza":"","lat":"34.906587","lng":"137.652328"},{"town":"引佐町田畑","koaza":"","lat":"34.846204","lng":"137.649283"},{"town":"引佐町栃窪","koaza":"","lat":"34.835381","lng":"137.647792"},{"town":"引佐町兎荷","koaza":"","lat":"34.853387","lng":"137.679234"},{"town":"引佐町西久留女木","koaza":"","lat":"34.909106","lng":"137.700193"},{"town":"引佐町西黒田","koaza":"","lat":"34.87229","lng":"137.641988"},{"town":"引佐町花平","koaza":"","lat":"34.847534","lng":"137.669044"},{"town":"引佐町東久留女木","koaza":"","lat":"34.890114","lng":"137.727954"},{"town":"引佐町東黒田","koaza":"","lat":"34.880117","lng":"137.647396"},{"town":"引佐町別所","koaza":"","lat":"34.895946","lng":"137.683209"},{"town":"引佐町的場","koaza":"","lat":"34.88925","lng":"137.647584"},{"town":"引佐町三岳","koaza":"","lat":"34.84166","lng":"137.694576"},{"town":"引佐町谷沢","koaza":"","lat":"34.867564","lng":"137.629776"},{"town":"引佐町横尾","koaza":"","lat":"34.836216","lng":"137.660305"},{"town":"大原町","koaza":"","lat":"34.79949","lng":"137.7375"},{"town":"神宮寺町","koaza":"","lat":"34.83119","lng":"137.669827"},{"town":"新都田一丁目","koaza":"","lat":"34.821565","lng":"137.73109"},{"town":"新都田二丁目","koaza":"","lat":"34.815297","lng":"137.736715"},{"town":"新都田三丁目","koaza":"","lat":"34.818975","lng":"137.736585"},{"town":"新都田四丁目","koaza":"","lat":"34.811952","lng":"137.743341"},{"town":"新都田五丁目","koaza":"","lat":"34.818781","lng":"137.741946"},{"town":"滝沢町","koaza":"","lat":"34.8606","lng":"137.725599"},{"town":"豊岡町","koaza":"","lat":"34.789721","lng":"137.726926"},{"town":"根洗町","koaza":"","lat":"34.79678","lng":"137.70422"},{"town":"初生町","koaza":"","lat":"34.764102","lng":"137.727503"},{"town":"東三方町","koaza":"","lat":"34.779611","lng":"137.730234"},{"town":"細江町小野","koaza":"","lat":"34.820959","lng":"137.651263"},{"town":"細江町気賀","koaza":"","lat":"34.802846","lng":"137.632557"},{"town":"細江町中川","koaza":"","lat":"34.806941","lng":"137.67839"},{"town":"細江町広岡","koaza":"","lat":"34.810371","lng":"137.659787"},{"town":"細江町三和","koaza":"","lat":"34.824039","lng":"137.689411"},{"town":"三方原町","koaza":"","lat":"34.781645","lng":"137.711977"},{"town":"三ヶ日町宇志","koaza":"","lat":"34.807091","lng":"137.566445"},{"town":"三ヶ日町大崎","koaza":"","lat":"34.773128","lng":"137.565202"},{"town":"三ヶ日町大谷","koaza":"","lat":"34.811633","lng":"137.590492"},{"town":"三ヶ日町岡本","koaza":"","lat":"34.813468","lng":"137.544533"},{"town":"三ヶ日町上尾奈","koaza":"","lat":"34.782129","lng":"137.513793"},{"town":"三ヶ日町駒場","koaza":"","lat":"34.8002","lng":"137.581488"},{"town":"三ヶ日町佐久米","koaza":"","lat":"34.791481","lng":"137.600089"},{"town":"三ヶ日町下尾奈","koaza":"","lat":"34.782409","lng":"137.536509"},{"town":"三ヶ日町只木","koaza":"","lat":"34.834387","lng":"137.575608"},{"town":"三ヶ日町都筑","koaza":"","lat":"34.790767","lng":"137.580831"},{"town":"三ヶ日町津々崎","koaza":"","lat":"34.800029","lng":"137.57252"},{"town":"三ヶ日町釣","koaza":"","lat":"34.810065","lng":"137.533912"},{"town":"三ヶ日町鵺代","koaza":"","lat":"34.798065","lng":"137.5427"},{"town":"三ヶ日町日比沢","koaza":"","lat":"34.80284","lng":"137.529896"},{"town":"三ヶ日町平山","koaza":"","lat":"34.829211","lng":"137.517446"},{"town":"三ヶ日町福長","koaza":"","lat":"34.83477","lng":"137.547618"},{"town":"三ヶ日町本坂","koaza":"","lat":"34.805237","lng":"137.505781"},{"town":"三ヶ日町摩訶耶","koaza":"","lat":"34.818497","lng":"137.558003"},{"town":"三ヶ日町三ヶ日","koaza":"","lat":"34.806661","lng":"137.548762"},{"town":"都田町","koaza":"","lat":"34.824631","lng":"137.718001"},{"town":"三幸町","koaza":"","lat":"34.79985","lng":"137.722448"},{"town":"鷲沢町","koaza":"","lat":"34.846124","lng":"137.715038"},{"town":"三ヶ日町三ヶ日","koaza":"大苗代","lat":"34.810689","lng":"137.549384"}]