[{"town":"新居町新居","koaza":"","lat":"34.68784","lng":"137.573206"},{"town":"新居町内山","koaza":"","lat":"34.692253","lng":"137.543144"},{"town":"新居町中之郷","koaza":"","lat":"34.702711","lng":"137.554716"},{"town":"新居町浜名","koaza":"","lat":"34.685685","lng":"137.549163"},{"town":"入出","koaza":"","lat":"34.751541","lng":"137.522903"},{"town":"内浦","koaza":"","lat":"34.742631","lng":"137.52506"},{"town":"駅南一丁目","koaza":"","lat":"34.720505","lng":"137.490401"},{"town":"駅南二丁目","koaza":"","lat":"34.720999","lng":"137.487657"},{"town":"駅南三丁目","koaza":"","lat":"34.721472","lng":"137.484097"},{"town":"駅南四丁目","koaza":"","lat":"34.718971","lng":"137.485224"},{"town":"大知波","koaza":"","lat":"34.76881","lng":"137.494949"},{"town":"風の杜","koaza":"","lat":"34.720284","lng":"137.548625"},{"town":"吉美","koaza":"","lat":"34.708102","lng":"137.514118"},{"town":"古見","koaza":"","lat":"34.713336","lng":"137.535193"},{"town":"境宿","koaza":"","lat":"34.704633","lng":"137.490987"},{"town":"白須賀","koaza":"","lat":"34.695792","lng":"137.50543"},{"town":"新所","koaza":"","lat":"34.738361","lng":"137.530178"},{"town":"新所原二丁目","koaza":"","lat":"34.725405","lng":"137.48684"},{"town":"新所原三丁目","koaza":"","lat":"34.723798","lng":"137.48456"},{"town":"新所原東","koaza":"","lat":"34.723634","lng":"137.490854"},{"town":"ときわ一丁目","koaza":"","lat":"34.720259","lng":"137.499027"},{"town":"ときわ三丁目","koaza":"","lat":"34.719482","lng":"137.494614"},{"town":"坊瀬","koaza":"","lat":"34.697274","lng":"137.519898"},{"town":"南台二丁目","koaza":"","lat":"34.716937","lng":"137.49378"},{"town":"南台三丁目","koaza":"","lat":"34.716625","lng":"137.489771"},{"town":"南台四丁目","koaza":"","lat":"34.717997","lng":"137.489129"},{"town":"山口","koaza":"","lat":"34.702109","lng":"137.532735"},{"town":"横山","koaza":"","lat":"34.766813","lng":"137.529565"},{"town":"利木","koaza":"","lat":"34.765212","lng":"137.520201"},{"town":"鷲津","koaza":"","lat":"34.71338","lng":"137.546057"},{"town":"太田","koaza":"","lat":"34.745862","lng":"137.498061"},{"town":"神座","koaza":"","lat":"34.735533","lng":"137.499808"},{"town":"新所岡崎梅田入会地","koaza":"","lat":"34.735248","lng":"137.491276"},{"town":"岡崎","koaza":"","lat":"34.728807","lng":"137.517559"},{"town":"梅田","koaza":"","lat":"34.730972","lng":"137.486725"},{"town":"鷲津","koaza":"分川","lat":"34.71189","lng":"137.556713"}]