[{"town":"北檜山区愛知","koaza":"","lat":"42.396773","lng":"139.913184"},{"town":"北檜山区小倉山","koaza":"","lat":"42.525187","lng":"139.955842"},{"town":"北檜山区兜野","koaza":"","lat":"42.408345","lng":"139.854185"},{"town":"北檜山区北檜山","koaza":"","lat":"42.414000","lng":"139.881784"},{"town":"北檜山区共和","koaza":"","lat":"42.376602","lng":"139.850277"},{"town":"北檜山区小川","koaza":"","lat":"42.327518","lng":"139.853299"},{"town":"北檜山区栄","koaza":"","lat":"42.378435","lng":"139.888611"},{"town":"北檜山区新成","koaza":"","lat":"42.332954","lng":"139.794362"},{"town":"北檜山区徳島","koaza":"","lat":"42.440253","lng":"139.898247"},{"town":"北檜山区富里","koaza":"","lat":"42.280844","lng":"139.975747"},{"town":"北檜山区豊岡","koaza":"","lat":"42.423507","lng":"139.867316"},{"town":"北檜山区西丹羽","koaza":"","lat":"42.430175","lng":"139.914683"},{"town":"北檜山区丹羽","koaza":"","lat":"42.446722","lng":"139.936574"},{"town":"北檜山区東丹羽","koaza":"","lat":"42.442102","lng":"139.959563"},{"town":"北檜山区二俣","koaza":"","lat":"42.294476","lng":"139.894966"},{"town":"北檜山区太櫓","koaza":"","lat":"42.369946","lng":"139.819897"},{"town":"北檜山区松岡","koaza":"","lat":"42.489880","lng":"139.920906"},{"town":"北檜山区若松","koaza":"","lat":"42.351109","lng":"139.923860"},{"town":"瀬棚区北島歌","koaza":"","lat":"42.582954","lng":"139.878786"},{"town":"瀬棚区共和","koaza":"","lat":"42.447433","lng":"139.874524"},{"town":"瀬棚区三本杉","koaza":"","lat":"42.461818","lng":"139.854314"},{"town":"瀬棚区島歌","koaza":"","lat":"42.542474","lng":"139.868976"},{"town":"瀬棚区西大里","koaza":"","lat":"42.517002","lng":"139.883360"},{"town":"瀬棚区東大里","koaza":"","lat":"42.521491","lng":"139.911269"},{"town":"瀬棚区本町","koaza":"","lat":"42.452275","lng":"139.852434"},{"town":"瀬棚区南川","koaza":"","lat":"42.432589","lng":"139.847940"},{"town":"瀬棚区元浦","koaza":"","lat":"42.489107","lng":"139.852651"},{"town":"大成区太田","koaza":"","lat":"42.280845","lng":"139.802481"},{"town":"大成区貝取澗","koaza":"","lat":"42.188315","lng":"139.914824"},{"town":"大成区上浦","koaza":"","lat":"42.246032","lng":"139.813010"},{"town":"大成区久遠","koaza":"","lat":"42.228054","lng":"139.836755"},{"town":"大成区富磯","koaza":"","lat":"42.247575","lng":"139.794813"},{"town":"大成区長磯","koaza":"","lat":"42.156389","lng":"139.920909"},{"town":"大成区花歌","koaza":"","lat":"42.235844","lng":"139.847239"},{"town":"大成区平浜","koaza":"","lat":"42.213265","lng":"139.928306"},{"town":"大成区本陣","koaza":"","lat":"42.244871","lng":"139.834192"},{"town":"大成区都","koaza":"","lat":"42.229138","lng":"139.821160"},{"town":"大成区宮野","koaza":"","lat":"42.248815","lng":"139.895592"}]