[{"town":"字磯谷町","koaza":"","lat":42.820506,"lng":140.352911,"zip":"0480400"},{"town":"字岩崎町","koaza":"","lat":42.790931,"lng":140.237704,"zip":"0480400"},{"town":"字歌棄町","koaza":"","lat":42.798264,"lng":140.327278,"zip":"0480400"},{"town":"字大磯町","koaza":"","lat":42.795629,"lng":140.230735,"zip":"0480400"},{"town":"字開進町","koaza":"","lat":42.784904,"lng":140.221523,"zip":"0480400"},{"town":"字新栄町","koaza":"","lat":42.79108,"lng":140.217791,"zip":"0480400"},{"town":"字樽岸町","koaza":"","lat":42.75074,"lng":140.25428,"zip":"0480400"},{"town":"字渡島町","koaza":"","lat":42.788448,"lng":140.224275,"zip":"0480400"},{"town":"字政泊町","koaza":"","lat":42.812836,"lng":140.189458,"zip":"0480400"},{"town":"字矢追町","koaza":"","lat":42.797812,"lng":140.208837,"zip":"0480400"},{"town":"字六条町","koaza":"","lat":42.780091,"lng":140.227838,"zip":"0480400"}]