[{"town":"宇遠内","koaza":"","lat":"44.937051","lng":"142.511720"},{"town":"歌登大曲","koaza":"","lat":"44.649941","lng":"142.494878"},{"town":"歌登大奮","koaza":"","lat":"44.716830","lng":"142.507149"},{"town":"歌登上徳志別","koaza":"","lat":"44.734278","lng":"142.609501"},{"town":"歌登毛登別","koaza":"","lat":"44.828327","lng":"142.361162"},{"town":"歌登志美宇丹","koaza":"","lat":"44.795326","lng":"142.582082"},{"town":"歌登中央","koaza":"","lat":"44.779640","lng":"142.435749"},{"town":"歌登西歌登","koaza":"","lat":"44.865014","lng":"142.401806"},{"town":"歌登西町","koaza":"","lat":"44.844978","lng":"142.473751"},{"town":"歌登パンケナイ","koaza":"","lat":"44.923075","lng":"142.442733"},{"town":"歌登桧垣町","koaza":"","lat":"44.837292","lng":"142.466878"},{"town":"歌登東歌登","koaza":"","lat":"44.822065","lng":"142.487502"},{"town":"歌登東町","koaza":"","lat":"44.842306","lng":"142.482228"},{"town":"歌登辺毛内","koaza":"","lat":"44.786922","lng":"142.511619"},{"town":"歌登豊沃","koaza":"","lat":"44.746344","lng":"142.646693"},{"town":"歌登本幌別","koaza":"","lat":"44.742436","lng":"142.375613"},{"town":"歌登南町","koaza":"","lat":"44.836583","lng":"142.476929"},{"town":"梅ヶ枝町","koaza":"","lat":"44.937665","lng":"142.583062"},{"town":"岡島","koaza":"","lat":"44.862783","lng":"142.586170"},{"town":"乙忠部","koaza":"","lat":"44.771829","lng":"142.685324"},{"town":"音標","koaza":"","lat":"44.679554","lng":"142.804095"},{"town":"上音標","koaza":"","lat":"44.652316","lng":"142.690635"},{"town":"北浜町","koaza":"","lat":"44.944390","lng":"142.580622"},{"town":"幸町","koaza":"","lat":"44.936083","lng":"142.584357"},{"town":"栄町","koaza":"","lat":"44.935822","lng":"142.576059"},{"town":"下幌別","koaza":"","lat":"44.889275","lng":"142.548977"},{"town":"新港町","koaza":"","lat":"44.926261","lng":"142.568006"},{"town":"新栄町","koaza":"","lat":"44.943279","lng":"142.578203"},{"town":"問牧","koaza":"","lat":"44.996679","lng":"142.503447"},{"town":"徳志別","koaza":"","lat":"44.814037","lng":"142.608267"},{"town":"風烈布","koaza":"","lat":"44.676620","lng":"142.627850"},{"town":"北栄町","koaza":"","lat":"44.944305","lng":"142.569990"},{"town":"北幸町","koaza":"","lat":"44.934135","lng":"142.569082"},{"town":"本町","koaza":"","lat":"44.938606","lng":"142.582011"},{"town":"三笠町","koaza":"","lat":"44.939421","lng":"142.571059"},{"town":"岬町","koaza":"","lat":"44.960031","lng":"142.575955"},{"town":"南浜町","koaza":"","lat":"44.920395","lng":"142.579864"},{"town":"目梨泊","koaza":"","lat":"45.035808","lng":"142.498003"},{"town":"山臼","koaza":"","lat":"44.806715","lng":"142.664413"}]