[{"town":"字朝日町","koaza":"","lat":"41.944479","lng":"140.201837"},{"town":"字愛宕町","koaza":"","lat":"41.875664","lng":"140.132063"},{"town":"字上野町","koaza":"","lat":"41.865521","lng":"140.123920"},{"town":"字鰔川町","koaza":"","lat":"41.954394","lng":"140.188924"},{"town":"字姥神町","koaza":"","lat":"41.867232","lng":"140.123889"},{"town":"字越前町","koaza":"","lat":"41.933939","lng":"140.171637"},{"town":"字大澗町","koaza":"","lat":"41.880544","lng":"140.141812"},{"town":"字小黒部町","koaza":"","lat":"41.951482","lng":"140.228589"},{"town":"字尾山町","koaza":"","lat":"41.888180","lng":"140.202272"},{"town":"字海岸町","koaza":"","lat":"41.857086","lng":"140.125623"},{"town":"字柏町","koaza":"","lat":"41.842819","lng":"140.126277"},{"town":"字鴎島","koaza":"","lat":"41.867530","lng":"140.114511"},{"town":"字五厘沢町","koaza":"","lat":"41.953310","lng":"140.148911"},{"town":"字新栄町","koaza":"","lat":"41.872892","lng":"140.135391"},{"town":"字新地町","koaza":"","lat":"41.863781","lng":"140.129054"},{"town":"字陣屋町","koaza":"","lat":"41.857710","lng":"140.128220"},{"town":"字砂川","koaza":"","lat":"41.837591","lng":"140.154700"},{"town":"字田沢町","koaza":"","lat":"41.902590","lng":"140.142930"},{"town":"字津花町","koaza":"","lat":"41.863965","lng":"140.122140"},{"town":"字椴川町","koaza":"","lat":"41.827913","lng":"140.197286"},{"town":"字泊町","koaza":"","lat":"41.881826","lng":"140.166243"},{"town":"字豊川町","koaza":"","lat":"41.871670","lng":"140.136921"},{"town":"字中網町","koaza":"","lat":"41.928592","lng":"140.188759"},{"town":"字中歌町","koaza":"","lat":"41.868977","lng":"140.131668"},{"town":"字萩ノ岱","koaza":"","lat":"41.852768","lng":"140.153451"},{"town":"字橋本町","koaza":"","lat":"41.863516","lng":"140.124439"},{"town":"字東山","koaza":"","lat":"41.874980","lng":"140.139267"},{"town":"字桧岱","koaza":"","lat":"41.857600","lng":"140.190429"},{"town":"字伏木戸町","koaza":"","lat":"41.911290","lng":"140.144078"},{"town":"字本町","koaza":"","lat":"41.865872","lng":"140.128078"},{"town":"字円山","koaza":"","lat":"41.858838","lng":"140.137684"},{"town":"字水堀町","koaza":"","lat":"41.937796","lng":"140.150583"},{"town":"字緑丘","koaza":"","lat":"41.864456","lng":"140.133645"},{"town":"字南が丘","koaza":"","lat":"41.852720","lng":"140.131279"},{"town":"字南浜町","koaza":"","lat":"41.851497","lng":"140.127450"},{"town":"字茂尻町","koaza":"","lat":"41.861499","lng":"140.126293"},{"town":"字柳崎町","koaza":"","lat":"41.919511","lng":"140.146789"}]