[{"town":"字石崎","koaza":"","lat":41.706035,"lng":140.029723,"zip":"0490600"},{"town":"字内郷","koaza":"","lat":41.819456,"lng":140.125921,"zip":"0490600"},{"town":"字扇石","koaza":"","lat":41.745218,"lng":140.06727,"zip":"0490600"},{"town":"字大安在","koaza":"","lat":41.759941,"lng":140.119804,"zip":"0490600"},{"town":"字大崎","koaza":"","lat":41.791145,"lng":140.088881,"zip":"0490600"},{"town":"字大留","koaza":"","lat":41.802763,"lng":140.122612,"zip":"0490600"},{"town":"字勝山","koaza":"","lat":41.794558,"lng":140.109643,"zip":"0490600"},{"town":"字桂岡","koaza":"","lat":41.778102,"lng":140.164721,"zip":"0490600"},{"town":"字上ノ国","koaza":"","lat":41.802894,"lng":140.10861,"zip":"0490600"},{"town":"字北村","koaza":"","lat":41.810491,"lng":140.124833,"zip":"0490600"},{"town":"字木ノ子","koaza":"","lat":41.755579,"lng":140.073262,"zip":"0490600"},{"town":"字小安在","koaza":"","lat":41.763849,"lng":140.085444,"zip":"0490600"},{"town":"字小森","koaza":"","lat":41.771319,"lng":140.139706,"zip":"0490600"},{"town":"字汐吹","koaza":"","lat":41.732766,"lng":140.054125,"zip":"0490600"},{"town":"字新村","koaza":"","lat":41.795579,"lng":140.12528,"zip":"0490600"},{"town":"字館野","koaza":"","lat":41.688722,"lng":140.015066,"zip":"0490600"},{"town":"字小砂子","koaza":"","lat":41.651903,"lng":140.005483,"zip":"0490600"},{"town":"字豊田","koaza":"","lat":41.796472,"lng":140.1554,"zip":"0490600"},{"town":"字中須田","koaza":"","lat":41.787702,"lng":140.138198,"zip":"0490600"},{"town":"字羽根差","koaza":"","lat":41.663201,"lng":140.038247,"zip":"0490600"},{"town":"字早川","koaza":"","lat":41.679521,"lng":140.058258,"zip":"0490600"},{"town":"字早瀬","koaza":"","lat":41.762813,"lng":140.181509,"zip":"0490600"},{"town":"字原歌","koaza":"","lat":41.802225,"lng":140.096242,"zip":"0490600"},{"town":"字宮越","koaza":"","lat":41.740631,"lng":140.195949,"zip":"0490600"},{"town":"字向浜","koaza":"","lat":41.806713,"lng":140.114871,"zip":"0490600"},{"town":"字湯ノ岱","koaza":"","lat":41.726524,"lng":140.247228,"zip":"0490600"}]