[{"town":"字オシラネップ原野","koaza":"","lat":44.090793,"lng":143.131974},{"town":"字上渚滑原野","koaza":"","lat":44.239306,"lng":143.11575},{"town":"字滝ノ上原野","koaza":"","lat":44.074606,"lng":142.923158},{"town":"奥札久留","koaza":"","lat":44.159202,"lng":142.929481},{"town":"一区","koaza":"","lat":44.16037,"lng":143.051268},{"town":"二区","koaza":"","lat":44.165389,"lng":143.017582},{"town":"三区","koaza":"","lat":44.134064,"lng":143.012217},{"town":"四区","koaza":"","lat":44.091359,"lng":143.012965},{"town":"五区","koaza":"","lat":44.000573,"lng":142.952351},{"town":"上雄柏","koaza":"","lat":44.051561,"lng":143.049587},{"town":"字サクルー原野","koaza":"","lat":44.23444,"lng":143.040224},{"town":"字滝ノ上市街地二条通一丁目","koaza":"","lat":44.194425,"lng":143.079075},{"town":"字滝ノ上市街地三条通一丁目","koaza":"","lat":44.193582,"lng":143.077856},{"town":"字滝ノ上市街地一条通一丁目","koaza":"","lat":44.194827,"lng":143.080634},{"town":"字滝ノ上市街地士別通一丁目","koaza":"","lat":44.19705,"lng":143.081994},{"town":"字滝ノ上市街地一条通二丁目","koaza":"","lat":44.194085,"lng":143.081468},{"town":"字滝ノ上市街地二条通二丁目","koaza":"","lat":44.19345,"lng":143.080101},{"town":"字滝ノ上市街地三条通二丁目","koaza":"","lat":44.19282,"lng":143.078796},{"town":"字滝ノ上市街地五条通二丁目","koaza":"","lat":44.191242,"lng":143.076184},{"town":"字滝ノ上市街地四条通二丁目","koaza":"","lat":44.192185,"lng":143.077776},{"town":"字滝ノ上市街地士別通二丁目","koaza":"","lat":44.196305,"lng":143.080964},{"town":"字滝ノ上市街地一条通三丁目","koaza":"","lat":44.193121,"lng":143.081687},{"town":"字滝ノ上市街地二条通三丁目","koaza":"","lat":44.192557,"lng":143.08103},{"town":"字滝ノ上市街地三条通三丁目","koaza":"","lat":44.191882,"lng":143.07978},{"town":"字滝ノ上市街地四条通三丁目","koaza":"","lat":44.191245,"lng":143.078361},{"town":"字滝ノ上市街地士別通三丁目","koaza":"","lat":44.19565,"lng":143.079124},{"town":"字滝ノ上市街地五条通三丁目","koaza":"","lat":44.190599,"lng":143.077161},{"town":"字滝ノ上市街地士別通四丁目","koaza":"","lat":44.195371,"lng":143.077793},{"town":"あけぼの町","koaza":"","lat":44.192729,"lng":143.085977},{"town":"旭町","koaza":"","lat":44.196751,"lng":143.084362},{"town":"雄鎮内","koaza":"","lat":44.202402,"lng":143.149579},{"town":"幸町","koaza":"","lat":44.201033,"lng":143.054348},{"town":"栄町","koaza":"","lat":44.191766,"lng":143.068401},{"town":"白鳥","koaza":"","lat":44.134837,"lng":143.060306},{"town":"新町","koaza":"","lat":44.194632,"lng":143.101866},{"town":"大正","koaza":"","lat":44.178086,"lng":143.152165},{"town":"滝下","koaza":"","lat":44.20943,"lng":143.170056},{"town":"滝西","koaza":"","lat":44.10974,"lng":142.978634},{"town":"滝美町","koaza":"","lat":44.183519,"lng":143.078027},{"town":"濁川中央","koaza":"","lat":44.192063,"lng":143.109385},{"town":"濁川みどり町","koaza":"","lat":44.190965,"lng":143.118691},{"town":"元町","koaza":"","lat":44.19922,"lng":143.09228}]