[{"town":"字有島","koaza":"","lat":42.816779,"lng":140.708757},{"town":"字桂台","koaza":"","lat":42.756673,"lng":140.602345},{"town":"字絹丘","koaza":"","lat":42.754888,"lng":140.661776},{"town":"字黒川","koaza":"","lat":42.767711,"lng":140.654616},{"town":"字近藤","koaza":"","lat":42.799234,"lng":140.742063},{"town":"字里見","koaza":"","lat":42.789082,"lng":140.685677},{"town":"字曽我","koaza":"","lat":42.833722,"lng":140.673054},{"town":"字中央通","koaza":"","lat":42.808096,"lng":140.685756},{"town":"字峠","koaza":"","lat":42.733681,"lng":140.732624},{"town":"字富川","koaza":"","lat":42.792622,"lng":140.664648},{"town":"字豊里","koaza":"","lat":42.773671,"lng":140.71464},{"town":"字西富","koaza":"","lat":42.780179,"lng":140.61435},{"town":"字ニセコ","koaza":"","lat":42.829298,"lng":140.638993},{"town":"字東山","koaza":"","lat":42.845464,"lng":140.67243},{"town":"字福井","koaza":"","lat":42.78446,"lng":140.638095},{"town":"字富士見","koaza":"","lat":42.804802,"lng":140.695593},{"town":"字本通","koaza":"","lat":42.802621,"lng":140.685327},{"town":"字宮田","koaza":"","lat":42.769257,"lng":140.687283},{"town":"字元町","koaza":"","lat":42.797264,"lng":140.70519},{"town":"字羊蹄","koaza":"","lat":42.828151,"lng":140.724523}]