[{"town":"高根町藏原","koaza":"","lat":35.813139,"lng":138.418},{"town":"白州町台ヶ原","koaza":"","lat":35.803627,"lng":138.342529},{"town":"高根町長澤","koaza":"","lat":35.8729,"lng":138.424896},{"town":"高根町川俣","koaza":"","lat":35.889777,"lng":138.424306},{"town":"長坂町大井ヶ森","koaza":"","lat":35.85889,"lng":138.352066},{"town":"明野町浅尾","koaza":"","lat":35.786963,"lng":138.466729},{"town":"明野町浅尾新田","koaza":"","lat":35.787412,"lng":138.442922},{"town":"明野町上手","koaza":"","lat":35.766825,"lng":138.448017},{"town":"明野町小笠原","koaza":"","lat":35.762355,"lng":138.47193},{"town":"明野町上神取","koaza":"","lat":35.792842,"lng":138.43806},{"town":"明野町三之蔵","koaza":"","lat":35.742337,"lng":138.449522},{"town":"明野町下神取","koaza":"","lat":35.777459,"lng":138.43219},{"town":"大泉町西井出","koaza":"","lat":35.906494,"lng":138.402516},{"town":"大泉町谷戸","koaza":"","lat":35.894644,"lng":138.371691},{"town":"小淵沢町","koaza":"","lat":35.895559,"lng":138.326649},{"town":"小淵沢町上笹尾","koaza":"","lat":35.863956,"lng":138.334525},{"town":"小淵沢町下笹尾","koaza":"","lat":35.831058,"lng":138.326418},{"town":"小淵沢町松向","koaza":"","lat":35.841333,"lng":138.341811},{"town":"須玉町穴平","koaza":"","lat":35.816413,"lng":138.434869},{"town":"須玉町江草","koaza":"","lat":35.81104,"lng":138.504689},{"town":"須玉町大蔵","koaza":"","lat":35.787323,"lng":138.42641},{"town":"須玉町小尾","koaza":"","lat":35.890138,"lng":138.548646},{"town":"須玉町上津金","koaza":"","lat":35.862198,"lng":138.450194},{"town":"須玉町小倉","koaza":"","lat":35.81478,"lng":138.440863},{"town":"須玉町境之澤","koaza":"","lat":35.772483,"lng":138.414056},{"town":"須玉町下津金","koaza":"","lat":35.852258,"lng":138.461445},{"town":"須玉町藤田","koaza":"","lat":35.782334,"lng":138.429158},{"town":"須玉町東向","koaza":"","lat":35.807877,"lng":138.445558},{"town":"須玉町比志","koaza":"","lat":35.85632,"lng":138.558921},{"town":"須玉町大豆生田","koaza":"","lat":35.773967,"lng":138.422906},{"town":"須玉町若神子","koaza":"","lat":35.788878,"lng":138.414572},{"town":"須玉町若神子新町","koaza":"","lat":35.776306,"lng":138.405909},{"town":"高根町浅川","koaza":"","lat":35.891078,"lng":138.44987},{"town":"高根町上黒澤","koaza":"","lat":35.820818,"lng":138.400113},{"town":"高根町清里","koaza":"","lat":35.923232,"lng":138.43507},{"town":"高根町小池","koaza":"","lat":35.818607,"lng":138.409027},{"town":"高根町五町田","koaza":"","lat":35.836657,"lng":138.397167},{"town":"高根町下黒澤","koaza":"","lat":35.801981,"lng":138.407892},{"town":"高根町堤","koaza":"","lat":35.854663,"lng":138.422516},{"town":"高根町東井出","koaza":"","lat":35.884206,"lng":138.417562},{"town":"高根町箕輪","koaza":"","lat":35.819831,"lng":138.426877},{"town":"高根町箕輪新町","koaza":"","lat":35.841522,"lng":138.434463},{"town":"高根町村山北割","koaza":"","lat":35.847984,"lng":138.413338},{"town":"高根町村山西割","koaza":"","lat":35.842399,"lng":138.403466},{"town":"高根町村山東割","koaza":"","lat":35.836742,"lng":138.426348},{"town":"長坂町大八田","koaza":"","lat":35.836623,"lng":138.382661},{"town":"長坂町小荒間","koaza":"","lat":35.884763,"lng":138.350696},{"town":"長坂町渋沢","koaza":"","lat":35.809969,"lng":138.384153},{"town":"長坂町白井沢","koaza":"","lat":35.858321,"lng":138.366371},{"town":"長坂町塚川","koaza":"","lat":35.806048,"lng":138.391989},{"town":"長坂町富岡","koaza":"","lat":35.791776,"lng":138.393292},{"town":"長坂町中島","koaza":"","lat":35.828979,"lng":138.336994},{"town":"長坂町中丸","koaza":"","lat":35.829531,"lng":138.350316},{"town":"長坂町長坂上条","koaza":"","lat":35.823834,"lng":138.372069},{"town":"長坂町長坂下条","koaza":"","lat":35.805404,"lng":138.377705},{"town":"長坂町夏秋","koaza":"","lat":35.823805,"lng":138.388622},{"town":"長坂町日野","koaza":"","lat":35.797827,"lng":138.374425},{"town":"白州町大武川","koaza":"","lat":35.868314,"lng":138.246493},{"town":"白州町上教来石","koaza":"","lat":35.847351,"lng":138.261175},{"town":"白州町下教来石","koaza":"","lat":35.835613,"lng":138.258647},{"town":"白州町白須","koaza":"","lat":35.79528,"lng":138.26778},{"town":"白州町大坊","koaza":"","lat":35.774013,"lng":138.316779},{"town":"白州町鳥原","koaza":"","lat":35.80462,"lng":138.223312},{"town":"白州町花水","koaza":"","lat":35.814504,"lng":138.349513},{"town":"白州町横手","koaza":"","lat":35.773615,"lng":138.287432},{"town":"武川町黒澤","koaza":"","lat":35.769757,"lng":138.362353},{"town":"武川町新奥","koaza":"","lat":35.770634,"lng":138.377687},{"town":"武川町牧原","koaza":"","lat":35.782489,"lng":138.385975},{"town":"武川町三吹","koaza":"","lat":35.792861,"lng":138.357907},{"town":"武川町宮脇","koaza":"","lat":35.762416,"lng":138.337674},{"town":"武川町柳澤","koaza":"","lat":35.749618,"lng":138.314695},{"town":"武川町山高","koaza":"","lat":35.772935,"lng":138.339017}]