[{"town":"石和町駅前","koaza":"","lat":"35.656051","lng":"138.635975"},{"town":"御坂町藤野木","koaza":"","lat":"35.581714","lng":"138.773087"},{"town":"芦川町上芦川","koaza":"","lat":"35.549503","lng":"138.714812"},{"town":"境川町大窪","koaza":"","lat":"35.575385","lng":"138.632222"},{"town":"芦川町鶯宿","koaza":"","lat":"35.540170","lng":"138.644201"},{"town":"境川町藤垈","koaza":"","lat":"35.580376","lng":"138.616728"},{"town":"境川町小黒坂","koaza":"","lat":"35.589711","lng":"138.629840"},{"town":"御坂町上黒駒","koaza":"","lat":"35.590987","lng":"138.712061"},{"town":"御坂町下黒駒","koaza":"","lat":"35.599201","lng":"138.694074"},{"town":"八代町竹居","koaza":"","lat":"35.585687","lng":"138.675507"},{"town":"八代町奈良原","koaza":"","lat":"35.591505","lng":"138.678883"},{"town":"境川町大黒坂","koaza":"","lat":"35.575575","lng":"138.645161"},{"town":"一宮町石","koaza":"","lat":"35.626930","lng":"138.736880"},{"town":"一宮町土塚","koaza":"","lat":"35.620340","lng":"138.739502"},{"town":"八代町岡","koaza":"","lat":"35.594751","lng":"138.651122"},{"town":"境川町石橋","koaza":"","lat":"35.606656","lng":"138.620172"},{"town":"八代町米倉","koaza":"","lat":"35.601271","lng":"138.637979"},{"town":"八代町大間田","koaza":"","lat":"35.621449","lng":"138.620523"},{"town":"石和町唐柏","koaza":"","lat":"35.637323","lng":"138.616043"},{"town":"石和町広瀬","koaza":"","lat":"35.641040","lng":"138.624876"},{"town":"石和町小石和","koaza":"","lat":"35.627864","lng":"138.621400"},{"town":"八代町増利","koaza":"","lat":"35.616783","lng":"138.620654"},{"town":"境川町小山","koaza":"","lat":"35.601342","lng":"138.624901"},{"town":"境川町寺尾","koaza":"","lat":"35.587393","lng":"138.599434"},{"town":"春日居町加茂","koaza":"","lat":"35.669104","lng":"138.658456"},{"town":"春日居町別田","koaza":"","lat":"35.673500","lng":"138.657555"},{"town":"春日居町熊野堂","koaza":"","lat":"35.669638","lng":"138.651273"},{"town":"春日居町鎮目","koaza":"","lat":"35.671365","lng":"138.634867"},{"town":"春日居町国府","koaza":"","lat":"35.681576","lng":"138.634445"},{"town":"春日居町桑戸","koaza":"","lat":"35.693499","lng":"138.631285"},{"town":"芦川町新井原","koaza":"","lat":"35.546241","lng":"138.684191"},{"town":"芦川町中芦川","koaza":"","lat":"35.544449","lng":"138.670878"},{"town":"御坂町蕎麦塚","koaza":"","lat":"35.617861","lng":"138.664577"},{"town":"御坂町八千蔵","koaza":"","lat":"35.620928","lng":"138.659096"},{"town":"御坂町栗合","koaza":"","lat":"35.623802","lng":"138.664979"},{"town":"御坂町夏目原","koaza":"","lat":"35.628478","lng":"138.662663"},{"town":"境川町前間田","koaza":"","lat":"35.598767","lng":"138.632703"},{"town":"八代町高家","koaza":"","lat":"35.613348","lng":"138.657393"},{"town":"八代町永井","koaza":"","lat":"35.613983","lng":"138.630608"},{"town":"八代町北","koaza":"","lat":"35.620899","lng":"138.649530"},{"town":"八代町南","koaza":"","lat":"35.618224","lng":"138.634538"},{"town":"御坂町二之宮","koaza":"","lat":"35.629389","lng":"138.648483"},{"town":"御坂町国衙","koaza":"","lat":"35.637118","lng":"138.648523"},{"town":"御坂町下野原","koaza":"","lat":"35.622975","lng":"138.673773"},{"town":"御坂町尾山","koaza":"","lat":"35.614813","lng":"138.678258"},{"town":"一宮町新巻","koaza":"","lat":"35.621291","lng":"138.701662"},{"town":"一宮町市之蔵","koaza":"","lat":"35.623393","lng":"138.693565"},{"town":"一宮町塩田","koaza":"","lat":"35.633963","lng":"138.691520"},{"town":"一宮町神沢","koaza":"","lat":"35.641426","lng":"138.699153"},{"town":"一宮町東新居","koaza":"","lat":"35.614840","lng":"138.730847"},{"town":"一宮町狐新居","koaza":"","lat":"35.616234","lng":"138.718202"},{"town":"一宮町金沢","koaza":"","lat":"35.621889","lng":"138.709502"},{"town":"一宮町千米寺","koaza":"","lat":"35.645504","lng":"138.709525"},{"town":"一宮町地蔵堂","koaza":"","lat":"35.647487","lng":"138.704379"},{"town":"石和町窪中島","koaza":"","lat":"35.646692","lng":"138.630938"},{"town":"一宮町末木","koaza":"","lat":"35.644241","lng":"138.690001"},{"town":"一宮町上矢作","koaza":"","lat":"35.660463","lng":"138.700351"},{"town":"一宮町一ノ宮","koaza":"","lat":"35.648165","lng":"138.698065"},{"town":"一宮町中尾","koaza":"","lat":"35.654762","lng":"138.701108"},{"town":"一宮町北都塚","koaza":"","lat":"35.653127","lng":"138.691470"},{"town":"一宮町小城","koaza":"","lat":"35.658887","lng":"138.691507"},{"town":"一宮町北野呂","koaza":"","lat":"35.660843","lng":"138.710090"},{"town":"一宮町本都塚","koaza":"","lat":"35.650326","lng":"138.688568"},{"town":"一宮町橋立","koaza":"","lat":"35.646770","lng":"138.678350"},{"town":"御坂町金川原","koaza":"","lat":"35.632539","lng":"138.672372"},{"town":"一宮町国分","koaza":"","lat":"35.635954","lng":"138.679417"},{"town":"一宮町東原","koaza":"","lat":"35.644657","lng":"138.680006"},{"town":"一宮町金田","koaza":"","lat":"35.652654","lng":"138.682045"},{"town":"一宮町下矢作","koaza":"","lat":"35.658763","lng":"138.683228"},{"town":"一宮町坪井","koaza":"","lat":"35.650218","lng":"138.667082"},{"town":"御坂町井之上","koaza":"","lat":"35.631283","lng":"138.666638"},{"town":"石和町四日市場","koaza":"","lat":"35.639335","lng":"138.635093"},{"town":"一宮町竹原田","koaza":"","lat":"35.647929","lng":"138.674078"},{"town":"石和町上平井","koaza":"","lat":"35.647273","lng":"138.660185"},{"town":"春日居町寺本","koaza":"","lat":"35.666676","lng":"138.655100"},{"town":"石和町下平井","koaza":"","lat":"35.649121","lng":"138.648610"},{"town":"石和町山崎","koaza":"","lat":"35.658773","lng":"138.642106"},{"town":"石和町八田","koaza":"","lat":"35.654147","lng":"138.641256"},{"town":"御坂町成田","koaza":"","lat":"35.640166","lng":"138.651315"},{"town":"石和町中川","koaza":"","lat":"35.643188","lng":"138.658846"},{"town":"石和町松本","koaza":"","lat":"35.660812","lng":"138.632926"},{"town":"春日居町小松","koaza":"","lat":"35.664540","lng":"138.662058"},{"town":"一宮町南野呂","koaza":"","lat":"35.654599","lng":"138.709395"},{"town":"石和町市部","koaza":"","lat":"35.648722","lng":"138.637298"},{"town":"石和町川中島","koaza":"","lat":"35.655800","lng":"138.653189"},{"town":"一宮町田中","koaza":"","lat":"35.659273","lng":"138.668986"},{"town":"境川町坊ヶ峯","koaza":"","lat":"35.597014","lng":"138.613935"},{"town":"境川町三椚","koaza":"","lat":"35.603263","lng":"138.612409"},{"town":"境川町大坪","koaza":"","lat":"35.612208","lng":"138.610505"},{"town":"石和町河内","koaza":"","lat":"35.629988","lng":"138.602610"},{"town":"石和町今井","koaza":"","lat":"35.631886","lng":"138.605175"},{"town":"石和町東高橋","koaza":"","lat":"35.635794","lng":"138.604932"},{"town":"石和町東油川","koaza":"","lat":"35.622538","lng":"138.600801"},{"town":"石和町井戸","koaza":"","lat":"35.623487","lng":"138.606281"},{"town":"石和町砂原","koaza":"","lat":"35.619962","lng":"138.611101"},{"town":"春日居町徳条","koaza":"","lat":"35.671408","lng":"138.649557"},{"town":"春日居町下岩下","koaza":"","lat":"35.682079","lng":"138.642660"},{"town":"御坂町大野寺","koaza":"","lat":"35.609380","lng":"138.674235"},{"town":"御坂町竹居","koaza":"","lat":"35.603375","lng":"138.669616"},{"town":"石和町市部","koaza":"広岡","lat":"35.649089","lng":"138.636156"},{"town":"御坂町夏目原","koaza":"前の木","lat":"35.631408","lng":"138.657675"}]