[{"town":"城辺","koaza":"","lat":"24.756914","lng":"125.384528"},{"town":"下地","koaza":"","lat":"24.744713","lng":"125.280446"},{"town":"上野","koaza":"","lat":"24.741670","lng":"125.327333"},{"town":"平良","koaza":"","lat":"24.842422","lng":"125.302180"},{"town":"伊良部","koaza":"","lat":"24.835268","lng":"125.186042"},{"town":"平良","koaza":"前里","lat":"24.925399","lng":"125.242883"},{"town":"平良","koaza":"池間","lat":"24.924153","lng":"125.246711"},{"town":"下地","koaza":"与那覇","lat":"24.735018","lng":"125.275684"},{"town":"平良","koaza":"久貝","lat":"24.790429","lng":"125.271733"},{"town":"平良","koaza":"狩俣","lat":"24.887066","lng":"125.28154"},{"town":"平良","koaza":"松原","lat":"24.781235","lng":"125.280419"},{"town":"平良","koaza":"下里","lat":"24.786167","lng":"125.294202"},{"town":"下地","koaza":"上地","lat":"24.748534","lng":"125.284565"},{"town":"平良","koaza":"西里","lat":"24.772767","lng":"125.328526"},{"town":"下地","koaza":"洲鎌","lat":"24.734076","lng":"125.287167"},{"town":"平良","koaza":"西仲宗根","lat":"24.810907","lng":"125.293753"},{"town":"下地","koaza":"川満","lat":"24.758322","lng":"125.302347"},{"town":"平良","koaza":"荷川取","lat":"24.817925","lng":"125.282075"},{"town":"平良","koaza":"東仲宗根","lat":"24.802297","lng":"125.292188"},{"town":"平良","koaza":"島尻","lat":"24.857607","lng":"125.304433"},{"town":"平良","koaza":"西原","lat":"24.829282","lng":"125.299391"},{"town":"平良","koaza":"大浦","lat":"24.8445","lng":"125.301127"},{"town":"下地","koaza":"嘉手苅","lat":"24.730327","lng":"125.301903"},{"town":"上野","koaza":"宮国","lat":"24.730902","lng":"125.31733"},{"town":"平良","koaza":"東仲宗根添","lat":"24.782653","lng":"125.328483"},{"town":"上野","koaza":"上野","lat":"24.739878","lng":"125.309164"},{"town":"上野","koaza":"野原","lat":"24.757652","lng":"125.325126"},{"town":"上野","koaza":"新里","lat":"24.731743","lng":"125.338261"},{"town":"城辺","koaza":"下里添","lat":"24.759775","lng":"125.342012"},{"town":"城辺","koaza":"長間","lat":"24.777139","lng":"125.360022"},{"town":"城辺","koaza":"砂川","lat":"24.743047","lng":"125.349168"},{"town":"城辺","koaza":"西里添","lat":"24.750542","lng":"125.371403"},{"town":"城辺","koaza":"友利","lat":"24.732585","lng":"125.375017"},{"town":"城辺","koaza":"比嘉","lat":"24.769545","lng":"125.379897"},{"town":"城辺","koaza":"保良","lat":"24.73299","lng":"125.430404"},{"town":"城辺","koaza":"福里","lat":"24.752504","lng":"125.39261"},{"town":"城辺","koaza":"新城","lat":"24.74759","lng":"125.417432"}]