[{"town":"字喜屋武","koaza":"","lat":26.087777,"lng":127.664681},{"town":"字大度","koaza":"","lat":26.096314,"lng":127.708931},{"town":"字伊原","koaza":"","lat":26.093177,"lng":127.685812},{"town":"字束里","koaza":"","lat":26.082477,"lng":127.678755},{"town":"字山城","koaza":"","lat":26.086125,"lng":127.686214},{"town":"字摩文仁","koaza":"","lat":26.097461,"lng":127.721548},{"town":"字宇江城","koaza":"","lat":26.104541,"lng":127.708525},{"town":"字小波蔵","koaza":"","lat":26.101475,"lng":127.669014},{"town":"字福地","koaza":"","lat":26.094143,"lng":127.674714},{"town":"字南波平","koaza":"","lat":26.100139,"lng":127.682928},{"town":"字伊敷","koaza":"","lat":26.108154,"lng":127.67621},{"town":"字米須","koaza":"","lat":26.09273,"lng":127.696389},{"town":"字新垣","koaza":"","lat":26.118095,"lng":127.702616},{"town":"字真栄里","koaza":"","lat":26.115919,"lng":127.676428},{"town":"字国吉","koaza":"","lat":26.119641,"lng":127.68799},{"town":"字大里","koaza":"","lat":26.129693,"lng":127.691922},{"town":"字照屋","koaza":"","lat":26.131366,"lng":127.681004},{"town":"字糸洲","koaza":"","lat":26.102722,"lng":127.676902},{"town":"字兼城","koaza":"","lat":26.137252,"lng":127.676566},{"town":"字潮平","koaza":"","lat":26.146759,"lng":127.672687},{"town":"字与座","koaza":"","lat":26.13015,"lng":127.703002},{"town":"字豊原","koaza":"","lat":26.143789,"lng":127.70821},{"town":"字座波","koaza":"","lat":26.143759,"lng":127.692124},{"town":"字賀数","koaza":"","lat":26.1501,"lng":127.692094},{"town":"字阿波根","koaza":"","lat":26.152721,"lng":127.68062},{"town":"字北波平","koaza":"","lat":26.157775,"lng":127.694298},{"town":"字真栄平","koaza":"","lat":26.112492,"lng":127.707284},{"town":"字武富","koaza":"","lat":26.163254,"lng":127.697636},{"town":"字糸満","koaza":"","lat":26.128823,"lng":127.670145},{"town":"字名城","koaza":"","lat":26.10368,"lng":127.663106},{"town":"字真壁","koaza":"","lat":26.107698,"lng":127.691351},{"town":"字武富","koaza":"仲間田原","lat":26.16438,"lng":127.691566},{"town":"潮崎町一丁目","koaza":"","lat":26.12274,"lng":127.665548},{"town":"潮崎町二丁目","koaza":"","lat":26.123633,"lng":127.668135},{"town":"潮崎町三丁目","koaza":"","lat":26.119408,"lng":127.664891},{"town":"潮崎町四丁目","koaza":"","lat":26.116425,"lng":127.66348},{"town":"西川町","koaza":"","lat":26.136572,"lng":127.66835},{"town":"西崎一丁目","koaza":"","lat":26.137226,"lng":127.665453},{"town":"西崎二丁目","koaza":"","lat":26.142118,"lng":127.664877},{"town":"西崎六丁目","koaza":"","lat":26.143259,"lng":127.669819},{"town":"西崎町一丁目","koaza":"","lat":26.131943,"lng":127.652717},{"town":"西崎町二丁目","koaza":"","lat":26.141288,"lng":127.670269},{"town":"西崎町三丁目","koaza":"","lat":26.146656,"lng":127.666412},{"town":"西崎町四丁目","koaza":"","lat":26.139179,"lng":127.656139},{"town":"西崎町五丁目","koaza":"","lat":26.144745,"lng":127.654571}]