[{"town":"相川","koaza":"","lat":"33.644928","lng":"134.256324"},{"town":"浅川","koaza":"","lat":"33.655742","lng":"134.363858"},{"town":"大井","koaza":"","lat":"33.634546","lng":"134.324724"},{"town":"大里","koaza":"","lat":"33.610542","lng":"134.364359"},{"town":"小川","koaza":"","lat":"33.698309","lng":"134.320284"},{"town":"奥浦","koaza":"","lat":"33.593125","lng":"134.353066"},{"town":"尾崎","koaza":"","lat":"33.563788","lng":"134.273947"},{"town":"角坂","koaza":"","lat":"33.574297","lng":"134.261122"},{"town":"久尾","koaza":"","lat":"33.621266","lng":"134.196299"},{"town":"芥附","koaza":"","lat":"33.576970","lng":"134.279654"},{"town":"櫛川","koaza":"","lat":"33.601161","lng":"134.293435"},{"town":"久保","koaza":"","lat":"33.573780","lng":"134.300510"},{"town":"神野","koaza":"","lat":"33.661678","lng":"134.320709"},{"town":"小谷","koaza":"","lat":"33.599313","lng":"134.250963"},{"town":"塩深","koaza":"","lat":"33.565323","lng":"134.245808"},{"town":"宍喰浦","koaza":"","lat":"33.566511","lng":"134.305973"},{"town":"芝","koaza":"","lat":"33.603812","lng":"134.325177"},{"town":"四方原","koaza":"","lat":"33.614031","lng":"134.347897"},{"town":"熟田","koaza":"","lat":"33.627838","lng":"134.332924"},{"town":"高園","koaza":"","lat":"33.596606","lng":"134.341811"},{"town":"多良","koaza":"","lat":"33.608272","lng":"134.339970"},{"town":"富田","koaza":"","lat":"33.619025","lng":"134.316414"},{"town":"鞆浦","koaza":"","lat":"33.590460","lng":"134.359766"},{"town":"中山","koaza":"","lat":"33.601434","lng":"134.316794"},{"town":"野江","koaza":"","lat":"33.595564","lng":"134.327223"},{"town":"日比原","koaza":"","lat":"33.569590","lng":"134.288720"},{"town":"平井","koaza":"","lat":"33.686374","lng":"134.225711"},{"town":"広岡","koaza":"","lat":"33.578094","lng":"134.267983"},{"town":"船津","koaza":"","lat":"33.577077","lng":"134.209451"},{"town":"吉田","koaza":"","lat":"33.611306","lng":"134.318791"},{"town":"吉野","koaza":"","lat":"33.611613","lng":"134.329608"},{"town":"若松","koaza":"","lat":"33.647105","lng":"134.316976"}]