[{"town":"白鳥町阿多岐","lat":"35.922028","lng":"136.939302"},{"town":"白鳥町石徹白","lat":"36.007596","lng":"136.781594"},{"town":"白鳥町大島","lat":"35.861150","lng":"136.860441"},{"town":"白鳥町恩地","lat":"35.884387","lng":"136.884584"},{"town":"白鳥町越佐","lat":"35.858401","lng":"136.847033"},{"town":"白鳥町白鳥","lat":"35.897286","lng":"136.864361"},{"town":"白鳥町為真","lat":"35.878107","lng":"136.868364"},{"town":"白鳥町長滝","lat":"35.917111","lng":"136.822815"},{"town":"白鳥町中津屋","lat":"35.853777","lng":"136.880866"},{"town":"白鳥町中西","lat":"35.895797","lng":"136.888596"},{"town":"白鳥町那留","lat":"35.872621","lng":"136.887291"},{"town":"白鳥町野添","lat":"35.894667","lng":"136.903660"},{"town":"白鳥町干田野","lat":"35.935717","lng":"136.808289"},{"town":"白鳥町二日町","lat":"35.905274","lng":"136.834568"},{"town":"白鳥町歩岐島","lat":"35.933730","lng":"136.836845"},{"town":"白鳥町前谷","lat":"35.968512","lng":"136.824955"},{"town":"白鳥町向小駄良","lat":"35.875321","lng":"136.834644"},{"town":"白鳥町六ノ里","lat":"35.900279","lng":"136.944564"},{"town":"高鷲町鮎立","lat":"35.947413","lng":"136.854537"},{"town":"高鷲町大鷲","lat":"35.965896","lng":"136.878375"},{"town":"高鷲町西洞","lat":"35.990241","lng":"136.883663"},{"town":"高鷲町ひるがの","lat":"36.008367","lng":"136.902068"},{"town":"高鷲町鷲見","lat":"35.968805","lng":"136.930759"},{"town":"八幡町相生","lat":"35.739988","lng":"136.896922"},{"town":"八幡町安久田","lat":"35.730490","lng":"136.971959"},{"town":"八幡町旭","lat":"35.758483","lng":"137.015691"},{"town":"八幡町有坂","lat":"35.759143","lng":"136.927527"},{"town":"八幡町有穂","lat":"35.830914","lng":"137.026045"},{"town":"八幡町市島","lat":"35.787934","lng":"137.025626"},{"town":"八幡町稲成","lat":"35.734066","lng":"136.955998"},{"town":"八幡町入間","lat":"35.755931","lng":"137.043363"},{"town":"八幡町大手町","lat":"35.751567","lng":"136.956721"},{"town":"八幡町尾崎町","lat":"35.751194","lng":"136.951400"},{"town":"八幡町小那比","lat":"35.671120","lng":"137.030110"},{"town":"八幡町小野","lat":"35.761089","lng":"136.972811"},{"town":"八幡町小野二丁目","lat":"35.754345","lng":"136.967549"},{"town":"八幡町小野三丁目","lat":"35.755608","lng":"136.966755"},{"town":"八幡町小野四丁目","lat":"35.755307","lng":"136.969563"},{"town":"八幡町小野五丁目","lat":"35.757201","lng":"136.969190"},{"town":"八幡町小野六丁目","lat":"35.755860","lng":"136.971767"},{"town":"八幡町小野七丁目","lat":"35.759004","lng":"136.974340"},{"town":"八幡町小野八丁目","lat":"35.757305","lng":"136.973757"},{"town":"八幡町河鹿","lat":"35.820134","lng":"136.991079"},{"town":"八幡町鍛冶屋町","lat":"35.751933","lng":"136.956033"},{"town":"八幡町五町","lat":"35.759174","lng":"136.945826"},{"town":"八幡町五町一丁目","lat":"35.754280","lng":"136.945504"},{"town":"八幡町五町二丁目","lat":"35.753844","lng":"136.943970"},{"town":"八幡町五町三丁目","lat":"35.759118","lng":"136.942516"},{"town":"八幡町五町四丁目","lat":"35.758067","lng":"136.940723"},{"town":"八幡町肴町","lat":"35.750019","lng":"136.957437"},{"town":"八幡町桜町","lat":"35.751583","lng":"136.961252"},{"town":"八幡町島","lat":"35.770460","lng":"136.921646"},{"town":"八幡町島谷","lat":"35.745390","lng":"136.961700"},{"town":"八幡町城南町","lat":"35.743320","lng":"136.949152"},{"town":"八幡町職人町","lat":"35.753412","lng":"136.955916"},{"town":"八幡町初納","lat":"35.792638","lng":"136.998857"},{"town":"八幡町新町","lat":"35.748711","lng":"136.956263"},{"town":"八幡町洲河","lat":"35.706403","lng":"137.025939"},{"town":"八幡町瀬取","lat":"35.775619","lng":"136.934227"},{"town":"八幡町大正町","lat":"35.747578","lng":"136.951013"},{"town":"八幡町殿町","lat":"35.752316","lng":"136.957137"},{"town":"八幡町中坪","lat":"35.760672","lng":"136.955457"},{"town":"八幡町中坪一丁目","lat":"35.756868","lng":"136.954549"},{"town":"八幡町中坪二丁目","lat":"35.758814","lng":"136.952358"},{"town":"八幡町中坪三丁目","lat":"35.760263","lng":"136.951153"},{"town":"八幡町那比","lat":"35.699002","lng":"136.878896"},{"town":"八幡町西乙原","lat":"35.696655","lng":"136.933830"},{"town":"八幡町野々倉","lat":"35.685176","lng":"137.005969"},{"town":"八幡町橋本町","lat":"35.748916","lng":"136.958025"},{"town":"八幡町初音","lat":"35.784000","lng":"136.960035"},{"town":"八幡町本町","lat":"35.750308","lng":"136.956568"},{"town":"八幡町美山","lat":"35.733830","lng":"137.003232"},{"town":"八幡町向山","lat":"35.754564","lng":"136.955040"},{"town":"八幡町柳町","lat":"35.752442","lng":"136.959208"},{"town":"八幡町吉野","lat":"35.709875","lng":"136.960750"},{"town":"美並町梅原","lat":"35.705354","lng":"136.980879"},{"town":"美並町大原","lat":"35.625877","lng":"136.967317"},{"town":"美並町上田","lat":"35.628454","lng":"136.926862"},{"town":"美並町高砂","lat":"35.665538","lng":"136.910824"},{"town":"美並町白山","lat":"35.658297","lng":"136.972137"},{"town":"美並町三戸","lat":"35.682029","lng":"136.979744"},{"town":"美並町山田","lat":"35.677410","lng":"136.950012"},{"town":"明宝大谷","lat":"35.853885","lng":"137.014708"},{"town":"明宝小川","lat":"35.882743","lng":"137.109534"},{"town":"明宝奥住","lat":"35.914902","lng":"137.048076"},{"town":"明宝寒水","lat":"35.876763","lng":"136.982292"},{"town":"明宝気良","lat":"35.890085","lng":"137.014408"},{"town":"明宝畑佐","lat":"35.853298","lng":"137.062140"},{"town":"明宝二間手","lat":"35.859280","lng":"137.042102"},{"town":"大和町内ヶ谷","lat":"35.796316","lng":"136.828830"},{"town":"大和町大間見","lat":"35.848981","lng":"136.907185"},{"town":"大和町落部","lat":"35.812240","lng":"136.873410"},{"town":"大和町河辺","lat":"35.795958","lng":"136.913879"},{"town":"大和町神路","lat":"35.793919","lng":"136.932901"},{"town":"大和町栗巣","lat":"35.850231","lng":"136.942404"},{"town":"大和町小間見","lat":"35.841331","lng":"136.924582"},{"town":"大和町島","lat":"35.779288","lng":"136.899412"},{"town":"大和町剣","lat":"35.831351","lng":"136.891765"},{"town":"大和町徳永","lat":"35.809374","lng":"136.902343"},{"town":"大和町名皿部","lat":"35.813196","lng":"136.890032"},{"town":"大和町古道","lat":"35.835856","lng":"136.963999"},{"town":"大和町牧","lat":"35.815941","lng":"136.925143"},{"town":"大和町万場","lat":"35.835494","lng":"136.875503"},{"town":"和良町安郷野","lat":"35.752555","lng":"137.102157"},{"town":"和良町鹿倉","lat":"35.811112","lng":"137.070347"},{"town":"和良町沢","lat":"35.740225","lng":"137.078304"},{"town":"和良町下洞","lat":"35.760788","lng":"137.088573"},{"town":"和良町土京","lat":"35.800821","lng":"137.114347"},{"town":"和良町野尻","lat":"35.749720","lng":"137.065108"},{"town":"和良町方須","lat":"35.745883","lng":"137.114723"},{"town":"和良町法師丸","lat":"35.736826","lng":"137.090622"},{"town":"和良町三庫","lat":"35.722856","lng":"137.049595"},{"town":"和良町宮地","lat":"35.738897","lng":"137.073809"},{"town":"和良町宮代","lat":"35.766459","lng":"137.070616"},{"town":"和良町横野","lat":"35.736295","lng":"137.065679"}]