[{"town":"赤島町","koaza":"","lat":"32.595054","lng":"128.920721"},{"town":"池田町","koaza":"","lat":"32.693364","lng":"128.846087"},{"town":"猪之木町","koaza":"","lat":"32.812901","lng":"128.851768"},{"town":"江川町","koaza":"","lat":"32.697668","lng":"128.844268"},{"town":"黄島町","koaza":"","lat":"32.566401","lng":"128.899609"},{"town":"大荒町","koaza":"","lat":"32.705139","lng":"128.825288"},{"town":"奥浦町","koaza":"","lat":"32.738989","lng":"128.813348"},{"town":"小泊町","koaza":"","lat":"32.643599","lng":"128.824066"},{"town":"上大津町","koaza":"","lat":"32.673091","lng":"128.843610"},{"town":"上崎山町","koaza":"","lat":"32.652782","lng":"128.861770"},{"town":"岐宿町川原","koaza":"","lat":"32.727068","lng":"128.712622"},{"town":"岐宿町岐宿","koaza":"","lat":"32.752965","lng":"128.755795"},{"town":"岐宿町楠原","koaza":"","lat":"32.730115","lng":"128.748509"},{"town":"岐宿町河務","koaza":"","lat":"32.729961","lng":"128.776463"},{"town":"岐宿町唐船ノ浦","koaza":"","lat":"32.768466","lng":"128.786338"},{"town":"岐宿町中嶽","koaza":"","lat":"32.683624","lng":"128.728732"},{"town":"岐宿町二本楠","koaza":"","lat":"32.664596","lng":"128.725355"},{"town":"岐宿町姫島","koaza":"","lat":"32.806564","lng":"128.678133"},{"town":"岐宿町松山","koaza":"","lat":"32.702414","lng":"128.725394"},{"town":"高田町","koaza":"","lat":"32.676435","lng":"128.792750"},{"town":"木場町","koaza":"","lat":"32.691740","lng":"128.832128"},{"town":"籠淵町","koaza":"","lat":"32.706487","lng":"128.801766"},{"town":"紺屋町","koaza":"","lat":"32.691084","lng":"128.847637"},{"town":"幸町","koaza":"","lat":"32.694296","lng":"128.840343"},{"town":"栄町","koaza":"","lat":"32.696488","lng":"128.845821"},{"town":"坂の上一丁目","koaza":"","lat":"32.688838","lng":"128.838304"},{"town":"下大津町","koaza":"","lat":"32.677371","lng":"128.860701"},{"town":"下崎山町","koaza":"","lat":"32.662790","lng":"128.872992"},{"town":"新港町","koaza":"","lat":"32.701206","lng":"128.847567"},{"town":"末広町","koaza":"","lat":"32.695428","lng":"128.842590"},{"town":"大円寺町","koaza":"","lat":"32.688034","lng":"128.830151"},{"town":"田ノ浦町","koaza":"","lat":"32.780505","lng":"128.848767"},{"town":"玉之浦町荒川","koaza":"","lat":"32.669782","lng":"128.693494"},{"town":"玉之浦町幾久山","koaza":"","lat":"32.642242","lng":"128.702837"},{"town":"玉之浦町小川","koaza":"","lat":"32.623852","lng":"128.675113"},{"town":"玉之浦町上の平","koaza":"","lat":"32.647173","lng":"128.721156"},{"town":"玉之浦町大宝","koaza":"","lat":"32.605872","lng":"128.654649"},{"town":"玉之浦町立谷","koaza":"","lat":"32.607674","lng":"128.636843"},{"town":"玉之浦町玉之浦","koaza":"","lat":"32.632777","lng":"128.614953"},{"town":"玉之浦町丹奈","koaza":"","lat":"32.689717","lng":"128.670311"},{"town":"玉之浦町頓泊","koaza":"","lat":"32.695443","lng":"128.655365"},{"town":"玉之浦町中須","koaza":"","lat":"32.636724","lng":"128.668494"},{"town":"玉之浦町布浦","koaza":"","lat":"32.654028","lng":"128.674167"},{"town":"中央町","koaza":"","lat":"32.694729","lng":"128.844011"},{"town":"堤町","koaza":"","lat":"32.670863","lng":"128.824863"},{"town":"戸岐町","koaza":"","lat":"32.776820","lng":"128.801753"},{"town":"富江町狩立","koaza":"","lat":"32.609534","lng":"128.762161"},{"town":"富江町黒島","koaza":"","lat":"32.600481","lng":"128.833889"},{"town":"富江町黒瀬","koaza":"","lat":"32.600820","lng":"128.748172"},{"town":"富江町繁敷","koaza":"","lat":"32.645302","lng":"128.740080"},{"town":"富江町職人","koaza":"","lat":"32.605031","lng":"128.777800"},{"town":"富江町田尾","koaza":"","lat":"32.640232","lng":"128.757764"},{"town":"富江町岳","koaza":"","lat":"32.589523","lng":"128.773356"},{"town":"富江町土取","koaza":"","lat":"32.606251","lng":"128.785900"},{"town":"富江町富江","koaza":"","lat":"32.615207","lng":"128.767186"},{"town":"富江町長峰","koaza":"","lat":"32.615099","lng":"128.710348"},{"town":"富江町松尾","koaza":"","lat":"32.619984","lng":"128.755984"},{"town":"富江町山下","koaza":"","lat":"32.591668","lng":"128.757267"},{"town":"富江町山手","koaza":"","lat":"32.619868","lng":"128.739144"},{"town":"長手町","koaza":"","lat":"32.673288","lng":"128.870453"},{"town":"奈留町浦","koaza":"","lat":"32.836933","lng":"128.937345"},{"town":"奈留町大串","koaza":"","lat":"32.864747","lng":"128.897842"},{"town":"奈留町泊","koaza":"","lat":"32.830218","lng":"128.956561"},{"town":"奈留町船廻","koaza":"","lat":"32.861286","lng":"128.952059"},{"town":"錦町","koaza":"","lat":"32.692962","lng":"128.842409"},{"town":"野々切町","koaza":"","lat":"32.651129","lng":"128.834272"},{"town":"浜町","koaza":"","lat":"32.652410","lng":"128.812264"},{"town":"東浜町一丁目","koaza":"","lat":"32.694354","lng":"128.848638"},{"town":"東浜町二丁目","koaza":"","lat":"32.694040","lng":"128.850587"},{"town":"東浜町三丁目","koaza":"","lat":"32.692360","lng":"128.849876"},{"town":"久賀町","koaza":"","lat":"32.786476","lng":"128.873265"},{"town":"平蔵町","koaza":"","lat":"32.732151","lng":"128.836283"},{"town":"福江町","koaza":"","lat":"32.698602","lng":"128.846935"},{"town":"武家屋敷一丁目","koaza":"","lat":"32.691786","lng":"128.844422"},{"town":"武家屋敷二丁目","koaza":"","lat":"32.690067","lng":"128.846333"},{"town":"武家屋敷三丁目","koaza":"","lat":"32.690695","lng":"128.843601"},{"town":"増田町","koaza":"","lat":"32.667742","lng":"128.779041"},{"town":"松山町","koaza":"","lat":"32.705190","lng":"128.838608"},{"town":"三井楽町丑ノ浦","koaza":"","lat":"32.754771","lng":"128.652716"},{"town":"三井楽町大川","koaza":"","lat":"32.765747","lng":"128.684279"},{"town":"三井楽町貝津","koaza":"","lat":"32.718402","lng":"128.657606"},{"town":"三井楽町柏","koaza":"","lat":"32.778504","lng":"128.664703"},{"town":"三井楽町嵯峨島","koaza":"","lat":"32.725710","lng":"128.595755"},{"town":"三井楽町塩水","koaza":"","lat":"32.760444","lng":"128.651897"},{"town":"三井楽町高崎","koaza":"","lat":"32.772342","lng":"128.678383"},{"town":"三井楽町嶽","koaza":"","lat":"32.766382","lng":"128.666676"},{"town":"三井楽町波砂間","koaza":"","lat":"32.747734","lng":"128.655470"},{"town":"三井楽町濱窄","koaza":"","lat":"32.736556","lng":"128.654698"},{"town":"三井楽町濱ノ畔","koaza":"","lat":"32.740755","lng":"128.677119"},{"town":"三井楽町渕ノ元","koaza":"","lat":"32.769688","lng":"128.651695"},{"town":"三尾野一丁目","koaza":"","lat":"32.692126","lng":"128.839250"},{"town":"三尾野二丁目","koaza":"","lat":"32.691667","lng":"128.841065"},{"town":"三尾野三丁目","koaza":"","lat":"32.690014","lng":"128.835549"},{"town":"三尾野町","koaza":"","lat":"32.681940","lng":"128.831973"},{"town":"向町","koaza":"","lat":"32.648095","lng":"128.884254"},{"town":"本窯町","koaza":"","lat":"32.770601","lng":"128.998834"},{"town":"吉久木町","koaza":"","lat":"32.693403","lng":"128.822581"},{"town":"吉田町","koaza":"","lat":"32.688573","lng":"128.784960"},{"town":"蕨町","koaza":"","lat":"32.821024","lng":"128.884707"},{"town":"伊福貴町","koaza":"","lat":"32.751210","lng":"128.975920"},{"town":"岐宿町戸岐ノ首","koaza":"","lat":"32.752337","lng":"128.790750"}]