[{"town":"相生町","koaza":"","lat":33.17673,"lng":129.716102},{"town":"相浦町","koaza":"","lat":33.195476,"lng":129.660159},{"town":"赤木町","koaza":"","lat":33.194758,"lng":129.750191},{"town":"赤崎町","koaza":"","lat":33.153071,"lng":129.699344},{"town":"浅子町","koaza":"","lat":33.196513,"lng":129.627543},{"town":"愛宕町","koaza":"","lat":33.198356,"lng":129.669886},{"town":"有福町","koaza":"","lat":33.1316,"lng":129.781037},{"town":"庵浦町","koaza":"","lat":33.128368,"lng":129.701124},{"town":"石坂町","koaza":"","lat":33.184762,"lng":129.711821},{"town":"泉町","koaza":"","lat":33.174655,"lng":129.713048},{"town":"稲荷町","koaza":"","lat":33.159114,"lng":129.736214},{"town":"今福町","koaza":"","lat":33.171372,"lng":129.707657},{"town":"宇久町飯良","koaza":"","lat":33.264332,"lng":129.095856},{"town":"宇久町大久保","koaza":"","lat":33.279274,"lng":129.092965},{"town":"宇久町太田江","koaza":"","lat":33.27795,"lng":129.123084},{"town":"宇久町小浜","koaza":"","lat":33.255326,"lng":129.119372},{"town":"宇久町神浦","koaza":"","lat":33.257512,"lng":129.103406},{"town":"宇久町木場","koaza":"","lat":33.282078,"lng":129.110638},{"town":"宇久町平","koaza":"","lat":33.275163,"lng":129.138811},{"town":"宇久町寺島","koaza":"","lat":33.253569,"lng":129.069997},{"town":"宇久町野方","koaza":"","lat":33.29257,"lng":129.129044},{"town":"宇久町本飯良","koaza":"","lat":33.268735,"lng":129.082909},{"town":"鵜渡越町","koaza":"","lat":33.174251,"lng":129.700428},{"town":"梅田町","koaza":"","lat":33.19033,"lng":129.715251},{"town":"浦川内町","koaza":"","lat":33.114927,"lng":129.811383},{"town":"上原町","koaza":"","lat":33.152388,"lng":129.805696},{"town":"上町","koaza":"","lat":33.174959,"lng":129.714191},{"town":"江上町","koaza":"","lat":33.099591,"lng":129.773848},{"town":"江永町","koaza":"","lat":33.155325,"lng":129.85043},{"town":"烏帽子町","koaza":"","lat":33.179666,"lng":129.754214},{"town":"江迎町赤坂","koaza":"","lat":33.291769,"lng":129.645805},{"town":"江迎町飯良坂","koaza":"","lat":33.325641,"lng":129.636177},{"town":"江迎町猪調","koaza":"","lat":33.285074,"lng":129.672513},{"town":"江迎町箙尾","koaza":"","lat":33.314472,"lng":129.661861},{"town":"江迎町奥川内","koaza":"","lat":33.306849,"lng":129.660912},{"town":"江迎町梶ノ村","koaza":"","lat":33.33116,"lng":129.626261},{"town":"江迎町上川内","koaza":"","lat":33.318913,"lng":129.63074},{"town":"江迎町北田","koaza":"","lat":33.334373,"lng":129.635883},{"town":"江迎町栗越","koaza":"","lat":33.323345,"lng":129.651699},{"town":"江迎町小川内","koaza":"","lat":33.295948,"lng":129.65176},{"town":"江迎町志戸氏","koaza":"","lat":33.282434,"lng":129.656156},{"town":"江迎町末橘","koaza":"","lat":33.320082,"lng":129.61531},{"town":"江迎町田ノ元","koaza":"","lat":33.285143,"lng":129.685188},{"town":"江迎町中尾","koaza":"","lat":33.311614,"lng":129.63922},{"town":"江迎町長坂","koaza":"","lat":33.310282,"lng":129.629359},{"town":"江迎町七腕","koaza":"","lat":33.295827,"lng":129.667026},{"town":"江迎町根引","koaza":"","lat":33.322384,"lng":129.644158},{"town":"江迎町三浦","koaza":"","lat":33.302497,"lng":129.633596},{"town":"江迎町乱橋","koaza":"","lat":33.285272,"lng":129.637111},{"town":"江迎町北平","koaza":"","lat":33.300598,"lng":129.649978},{"town":"大潟町","koaza":"","lat":33.177844,"lng":129.656353},{"town":"大岳台町","koaza":"","lat":33.148921,"lng":129.762257},{"town":"大野町","koaza":"","lat":33.211037,"lng":129.734104},{"town":"大宮町","koaza":"","lat":33.157329,"lng":129.740904},{"town":"小川内町","koaza":"","lat":33.235099,"lng":129.700199},{"town":"沖新町","koaza":"","lat":33.147432,"lng":129.747717},{"town":"奥山町","koaza":"","lat":33.083161,"lng":129.829789},{"town":"踊石町","koaza":"","lat":33.222139,"lng":129.691482},{"town":"小野町","koaza":"","lat":33.185551,"lng":129.690948},{"town":"折橋町","koaza":"","lat":33.188213,"lng":129.725528},{"town":"卸本町","koaza":"","lat":33.15078,"lng":129.770444},{"town":"皆瀬町","koaza":"","lat":33.216112,"lng":129.700118},{"town":"鹿子前町","koaza":"","lat":33.160796,"lng":129.684366},{"town":"春日町","koaza":"","lat":33.198202,"lng":129.72274},{"town":"勝海町","koaza":"","lat":33.140864,"lng":129.78916},{"town":"勝富町","koaza":"","lat":33.174213,"lng":129.729428},{"town":"上相浦町","koaza":"","lat":33.193287,"lng":129.668366},{"town":"上京町","koaza":"","lat":33.169895,"lng":129.722782},{"town":"神島町","koaza":"","lat":33.167308,"lng":129.704464},{"town":"上本山町","koaza":"","lat":33.212261,"lng":129.69114},{"town":"上柚木町","koaza":"","lat":33.218031,"lng":129.781537},{"town":"川下町","koaza":"","lat":33.187085,"lng":129.66705},{"town":"川谷町","koaza":"","lat":33.192787,"lng":129.788776},{"town":"祇園町","koaza":"","lat":33.175655,"lng":129.723962},{"town":"木風町","koaza":"","lat":33.168973,"lng":129.747241},{"town":"木宮町","koaza":"","lat":33.194741,"lng":129.66718},{"town":"木原町","koaza":"","lat":33.166675,"lng":129.857024},{"town":"京坪町","koaza":"","lat":33.170414,"lng":129.724667},{"town":"潜木町","koaza":"","lat":33.21641,"lng":129.796847},{"town":"楠木町","koaza":"","lat":33.22483,"lng":129.718785},{"town":"口の尾町","koaza":"","lat":33.164869,"lng":129.825436},{"town":"熊野町","koaza":"","lat":33.178272,"lng":129.721399},{"town":"黒髪町","koaza":"","lat":33.170924,"lng":129.781555},{"town":"黒島町","koaza":"","lat":33.141499,"lng":129.533502},{"town":"桑木場町","koaza":"","lat":33.154773,"lng":129.816671},{"town":"光月町","koaza":"","lat":33.172648,"lng":129.72412},{"town":"高天町","koaza":"","lat":33.172865,"lng":129.726752},{"town":"心野町","koaza":"","lat":33.179709,"lng":129.814669},{"town":"小佐々町楠泊","koaza":"","lat":33.221896,"lng":129.582124},{"town":"小佐々町黒石","koaza":"","lat":33.224071,"lng":129.631856},{"town":"小佐々町小坂","koaza":"","lat":33.209538,"lng":129.629683},{"town":"小佐々町岳ノ木場","koaza":"","lat":33.254131,"lng":129.609866},{"town":"小佐々町田原","koaza":"","lat":33.228489,"lng":129.620545},{"town":"小佐々町葛籠","koaza":"","lat":33.234041,"lng":129.627341},{"town":"小佐々町西川内","koaza":"","lat":33.229726,"lng":129.605626},{"town":"小佐々町平原","koaza":"","lat":33.245757,"lng":129.617479},{"town":"小佐世保町","koaza":"","lat":33.176854,"lng":129.739409},{"town":"小島町","koaza":"","lat":33.166586,"lng":129.698364},{"town":"木場田町","koaza":"","lat":33.179391,"lng":129.713562},{"town":"小舟町","koaza":"","lat":33.201004,"lng":129.755586},{"town":"菰田町","koaza":"","lat":33.241897,"lng":129.72248},{"town":"権常寺一丁目","koaza":"","lat":33.132869,"lng":129.801218},{"town":"権常寺町","koaza":"","lat":33.134686,"lng":129.80859},{"town":"金比良町","koaza":"","lat":33.170321,"lng":129.705699},{"town":"栄町","koaza":"","lat":33.173112,"lng":129.719485},{"town":"崎岡町","koaza":"","lat":33.109196,"lng":129.800728},{"town":"崎辺町","koaza":"","lat":33.1314,"lng":129.730257},{"town":"桜木町","koaza":"","lat":33.196249,"lng":129.731936},{"town":"指方町","koaza":"","lat":33.106861,"lng":129.782664},{"town":"里美町","koaza":"","lat":33.192257,"lng":129.804681},{"town":"早苗町","koaza":"","lat":33.146869,"lng":129.800481},{"town":"椎木町","koaza":"","lat":33.177732,"lng":129.672014},{"town":"塩浜町","koaza":"","lat":33.166677,"lng":129.721596},{"town":"塩浸町","koaza":"","lat":33.143999,"lng":129.830275},{"town":"潮見町","koaza":"","lat":33.162818,"lng":129.73013},{"town":"鹿町町大屋","koaza":"","lat":33.28715,"lng":129.593595},{"town":"鹿町町上歌ヶ浦","koaza":"","lat":33.255005,"lng":129.593352},{"town":"鹿町町九十九島","koaza":"","lat":33.265577,"lng":129.56307},{"town":"鹿町町口ノ里","koaza":"","lat":33.298227,"lng":129.601015},{"town":"鹿町町鹿町","koaza":"","lat":33.287082,"lng":129.615396},{"town":"鹿町町下歌ヶ浦","koaza":"","lat":33.270515,"lng":129.591459},{"town":"鹿町町新深江","koaza":"","lat":33.307282,"lng":129.62735},{"town":"鹿町町土肥ノ浦","koaza":"","lat":33.302888,"lng":129.614716},{"town":"鹿町町中野","koaza":"","lat":33.26848,"lng":129.606552},{"town":"鹿町町長串","koaza":"","lat":33.25387,"lng":129.574545},{"town":"鹿町町深江","koaza":"","lat":33.301041,"lng":129.622363},{"town":"鹿町町深江潟","koaza":"","lat":33.308293,"lng":129.62413},{"town":"鹿町町船ノ村","koaza":"","lat":33.269777,"lng":129.617743},{"town":"重尾町","koaza":"","lat":33.116917,"lng":129.829777},{"town":"島瀬町","koaza":"","lat":33.172356,"lng":129.721566},{"town":"島地町","koaza":"","lat":33.168791,"lng":129.720205},{"town":"清水町","koaza":"","lat":33.184379,"lng":129.706461},{"town":"下宇戸町","koaza":"","lat":33.189853,"lng":129.770971},{"town":"下京町","koaza":"","lat":33.168602,"lng":129.723164},{"town":"下の原町","koaza":"","lat":33.132329,"lng":129.82397},{"town":"下船越町","koaza":"","lat":33.133159,"lng":129.69283},{"town":"下本山町","koaza":"","lat":33.209537,"lng":129.675666},{"town":"十郎新町","koaza":"","lat":33.138441,"lng":129.741056},{"town":"城間町","koaza":"","lat":33.097049,"lng":129.815098},{"town":"白木町","koaza":"","lat":33.171893,"lng":129.735121},{"town":"白岳町","koaza":"","lat":33.14909,"lng":129.754989},{"town":"白仁田町","koaza":"","lat":33.230459,"lng":129.709326},{"town":"白南風町","koaza":"","lat":33.166102,"lng":129.729457},{"town":"城山町","koaza":"","lat":33.183428,"lng":129.717696},{"town":"新替町","koaza":"","lat":33.144527,"lng":129.82441},{"town":"新行江町","koaza":"","lat":33.150489,"lng":129.838307},{"town":"新田町","koaza":"","lat":33.191212,"lng":129.673933},{"town":"陣の内町","koaza":"","lat":33.15021,"lng":129.792104},{"town":"新港町","koaza":"","lat":33.163593,"lng":129.721903},{"town":"須佐町","koaza":"","lat":33.178792,"lng":129.733816},{"town":"須田尾町","koaza":"","lat":33.166272,"lng":129.737163},{"town":"星和台町","koaza":"","lat":33.174642,"lng":129.679562},{"town":"世知原町赤木場","koaza":"","lat":33.253851,"lng":129.784665},{"town":"世知原町岩谷口","koaza":"","lat":33.274135,"lng":129.722462},{"town":"世知原町太田","koaza":"","lat":33.260534,"lng":129.733987},{"town":"世知原町木浦原","koaza":"","lat":33.27165,"lng":129.746046},{"town":"世知原町北川内","koaza":"","lat":33.258755,"lng":129.76408},{"town":"世知原町栗迎","koaza":"","lat":33.265373,"lng":129.768823},{"town":"世知原町長田代","koaza":"","lat":33.247392,"lng":129.741262},{"town":"世知原町中通","koaza":"","lat":33.252335,"lng":129.76918},{"town":"世知原町笥瀬","koaza":"","lat":33.263851,"lng":129.742475},{"town":"世知原町矢櫃","koaza":"","lat":33.254503,"lng":129.745138},{"town":"世知原町槍巻","koaza":"","lat":33.245543,"lng":129.774604},{"town":"瀬道町","koaza":"","lat":33.103089,"lng":129.832879},{"town":"瀬戸越一丁目","koaza":"","lat":33.204381,"lng":129.733163},{"town":"瀬戸越二丁目","koaza":"","lat":33.208928,"lng":129.734208},{"town":"瀬戸越三丁目","koaza":"","lat":33.205335,"lng":129.728091},{"town":"瀬戸越四丁目","koaza":"","lat":33.20483,"lng":129.723876},{"town":"瀬戸越町","koaza":"","lat":33.204196,"lng":129.716146},{"town":"園田町","koaza":"","lat":33.1761,"lng":129.713289},{"town":"大黒町","koaza":"","lat":33.151917,"lng":129.735049},{"town":"大塔町","koaza":"","lat":33.150342,"lng":129.778495},{"town":"高砂町","koaza":"","lat":33.178817,"lng":129.716225},{"town":"高島町","koaza":"","lat":33.177679,"lng":129.58717},{"town":"高梨町","koaza":"","lat":33.180631,"lng":129.732272},{"town":"高花町","koaza":"","lat":33.204091,"lng":129.789571},{"town":"岳野町","koaza":"","lat":33.219971,"lng":129.68373},{"town":"竹辺町","koaza":"","lat":33.197162,"lng":129.680561},{"town":"田代町","koaza":"","lat":33.188727,"lng":129.747134},{"town":"立神町","koaza":"","lat":33.163334,"lng":129.70015},{"town":"棚方町","koaza":"","lat":33.204893,"lng":129.660565},{"town":"谷郷町","koaza":"","lat":33.177369,"lng":129.718398},{"town":"田の浦町","koaza":"","lat":33.151005,"lng":129.786891},{"town":"田原町","koaza":"","lat":33.208802,"lng":129.72056},{"town":"俵ヶ浦町","koaza":"","lat":33.117143,"lng":129.665032},{"town":"俵町","koaza":"","lat":33.189263,"lng":129.718852},{"town":"知見寺町","koaza":"","lat":33.230477,"lng":129.73879},{"town":"天神一丁目","koaza":"","lat":33.151763,"lng":129.7413},{"town":"天神二丁目","koaza":"","lat":33.150063,"lng":129.74344},{"town":"天神三丁目","koaza":"","lat":33.145796,"lng":129.743292},{"town":"天神四丁目","koaza":"","lat":33.140927,"lng":129.738575},{"town":"天神五丁目","koaza":"","lat":33.147841,"lng":129.736829},{"town":"天神町","koaza":"","lat":33.141634,"lng":129.729762},{"town":"天満町","koaza":"","lat":33.177621,"lng":129.715543},{"town":"戸ヶ倉町","koaza":"","lat":33.197283,"lng":129.792958},{"town":"常盤町","koaza":"","lat":33.174196,"lng":129.7191},{"town":"戸尾町","koaza":"","lat":33.168903,"lng":129.725365},{"town":"十文野町","koaza":"","lat":33.222951,"lng":129.709631},{"town":"長尾町","koaza":"","lat":33.175199,"lng":129.711681},{"town":"長坂町","koaza":"","lat":33.16957,"lng":129.690938},{"town":"中里町","koaza":"","lat":33.196367,"lng":129.699103},{"town":"中通町","koaza":"","lat":33.19108,"lng":129.707885},{"town":"長畑町","koaza":"","lat":33.080785,"lng":129.813465},{"town":"中原町","koaza":"","lat":33.131641,"lng":129.811972},{"town":"名切町","koaza":"","lat":33.180646,"lng":129.72701},{"town":"西大久保町","koaza":"","lat":33.176354,"lng":129.710866},{"town":"野崎町","koaza":"","lat":33.120704,"lng":129.687238},{"town":"野中町","koaza":"","lat":33.213801,"lng":129.709469},{"town":"早岐一丁目","koaza":"","lat":33.135192,"lng":129.798965},{"town":"早岐二丁目","koaza":"","lat":33.138101,"lng":129.795886},{"town":"早岐三丁目","koaza":"","lat":33.139717,"lng":129.792635},{"town":"ハウステンボス町","koaza":"","lat":33.090832,"lng":129.790475},{"town":"南風崎町","koaza":"","lat":33.092444,"lng":129.803469},{"town":"萩坂町","koaza":"","lat":33.092051,"lng":129.832094},{"town":"八の久保町","koaza":"","lat":33.21708,"lng":129.675682},{"town":"八幡町","koaza":"","lat":33.181799,"lng":129.718783},{"town":"花園町","koaza":"","lat":33.182236,"lng":129.723262},{"town":"花高一丁目","koaza":"","lat":33.13901,"lng":129.805819},{"town":"花高二丁目","koaza":"","lat":33.14248,"lng":129.806809},{"town":"花高三丁目","koaza":"","lat":33.141665,"lng":129.811097},{"town":"花高四丁目","koaza":"","lat":33.138964,"lng":129.813108},{"town":"浜田町","koaza":"","lat":33.175599,"lng":129.716984},{"town":"針尾北町","koaza":"","lat":33.110643,"lng":129.7571},{"town":"針尾中町","koaza":"","lat":33.079073,"lng":129.752985},{"town":"針尾西町","koaza":"","lat":33.090426,"lng":129.743507},{"town":"針尾東町","koaza":"","lat":33.077216,"lng":129.760072},{"town":"原分町","koaza":"","lat":33.218382,"lng":129.725907},{"town":"日宇町","koaza":"","lat":33.163334,"lng":129.761367},{"town":"東大久保町","koaza":"","lat":33.178218,"lng":129.70834},{"town":"東浜町","koaza":"","lat":33.139643,"lng":129.743615},{"town":"東山町","koaza":"","lat":33.15413,"lng":129.739693},{"town":"光町","koaza":"","lat":33.200681,"lng":129.646967},{"town":"日野町","koaza":"","lat":33.169044,"lng":129.674137},{"town":"平瀬町","koaza":"","lat":33.167693,"lng":129.714658},{"town":"比良町","koaza":"","lat":33.178735,"lng":129.71161},{"town":"平松町","koaza":"","lat":33.167192,"lng":129.805032},{"town":"広田一丁目","koaza":"","lat":33.127868,"lng":129.800795},{"town":"広田二丁目","koaza":"","lat":33.127916,"lng":129.796394},{"town":"広田三丁目","koaza":"","lat":33.122443,"lng":129.80306},{"town":"広田四丁目","koaza":"","lat":33.122998,"lng":129.796886},{"town":"広田町","koaza":"","lat":33.129708,"lng":129.813973},{"town":"福石町","koaza":"","lat":33.16006,"lng":129.730382},{"town":"福田町","koaza":"","lat":33.1821,"lng":129.710093},{"town":"藤原町","koaza":"","lat":33.162163,"lng":129.739895},{"town":"船越町","koaza":"","lat":33.147113,"lng":129.693177},{"town":"母ヶ浦町","koaza":"","lat":33.180786,"lng":129.681908},{"town":"保立町","koaza":"","lat":33.187744,"lng":129.713956},{"town":"前畑町","koaza":"","lat":33.144372,"lng":129.726955},{"town":"牧の地町","koaza":"","lat":33.226774,"lng":129.696596},{"town":"松浦町","koaza":"","lat":33.174892,"lng":129.717955},{"town":"松川町","koaza":"","lat":33.171341,"lng":129.727011},{"town":"松瀬町","koaza":"","lat":33.215683,"lng":129.73678},{"town":"松原町","koaza":"","lat":33.206516,"lng":129.74274},{"town":"松山町","koaza":"","lat":33.191336,"lng":129.724053},{"town":"万徳町","koaza":"","lat":33.183067,"lng":129.715472},{"town":"三浦町","koaza":"","lat":33.165777,"lng":129.724978},{"town":"三川内新町","koaza":"","lat":33.140159,"lng":129.839927},{"town":"三川内町","koaza":"","lat":33.131921,"lng":129.840633},{"town":"三川内本町","koaza":"","lat":33.152595,"lng":129.828282},{"town":"湊町","koaza":"","lat":33.172342,"lng":129.718357},{"town":"峰坂町","koaza":"","lat":33.17048,"lng":129.729663},{"town":"御船町","koaza":"","lat":33.169241,"lng":129.703487},{"town":"宮崎町","koaza":"","lat":33.171427,"lng":129.724581},{"town":"宮地町","koaza":"","lat":33.175254,"lng":129.720877},{"town":"宮田町","koaza":"","lat":33.184719,"lng":129.719186},{"town":"宮津町","koaza":"","lat":33.07489,"lng":129.810497},{"town":"本島町","koaza":"","lat":33.170688,"lng":129.7218},{"town":"元町","koaza":"","lat":33.175053,"lng":129.715305},{"town":"もみじが丘町","koaza":"","lat":33.159999,"lng":129.778174},{"town":"矢岳町","koaza":"","lat":33.175985,"lng":129.706807},{"town":"山県町","koaza":"","lat":33.16775,"lng":129.721559},{"town":"山祇町","koaza":"","lat":33.168108,"lng":129.734041},{"town":"山手町","koaza":"","lat":33.185775,"lng":129.731663},{"town":"大和町","koaza":"","lat":33.159208,"lng":129.749921},{"town":"矢峰町","koaza":"","lat":33.206512,"lng":129.748211},{"town":"柚木町","koaza":"","lat":33.206587,"lng":129.771862},{"town":"柚木元町","koaza":"","lat":33.22006,"lng":129.753535},{"town":"横尾町","koaza":"","lat":33.1963,"lng":129.712952},{"town":"横手町","koaza":"","lat":33.174228,"lng":129.831586},{"town":"吉井町板樋","koaza":"","lat":33.293784,"lng":129.709922},{"town":"吉井町大渡","koaza":"","lat":33.267113,"lng":129.689653},{"town":"吉井町乙石尾","koaza":"","lat":33.247585,"lng":129.699024},{"town":"吉井町踊瀬","koaza":"","lat":33.266098,"lng":129.703089},{"town":"吉井町梶木場","koaza":"","lat":33.282446,"lng":129.719878},{"town":"吉井町上吉田","koaza":"","lat":33.255124,"lng":129.721971},{"town":"吉井町下原","koaza":"","lat":33.252677,"lng":129.701417},{"town":"吉井町草ノ尾","koaza":"","lat":33.301588,"lng":129.685115},{"town":"吉井町高峰","koaza":"","lat":33.245582,"lng":129.68932},{"town":"吉井町立石","koaza":"","lat":33.270532,"lng":129.679553},{"town":"吉井町田原","koaza":"","lat":33.254748,"lng":129.708537},{"town":"吉井町直谷","koaza":"","lat":33.281675,"lng":129.698957},{"town":"吉井町橋川内","koaza":"","lat":33.26596,"lng":129.714208},{"town":"吉井町橋口","koaza":"","lat":33.26408,"lng":129.724847},{"town":"吉井町春明","koaza":"","lat":33.272185,"lng":129.706919},{"town":"吉井町福井","koaza":"","lat":33.300803,"lng":129.69993},{"town":"吉井町前岳","koaza":"","lat":33.272252,"lng":129.694207},{"town":"吉井町吉元","koaza":"","lat":33.263425,"lng":129.690849},{"town":"吉岡町","koaza":"","lat":33.205733,"lng":129.701908},{"town":"吉福町","koaza":"","lat":33.163479,"lng":129.83717},{"town":"万津町","koaza":"","lat":33.165016,"lng":129.720487},{"town":"若竹台町","koaza":"","lat":33.145904,"lng":129.787576},{"town":"若葉町","koaza":"","lat":33.161619,"lng":129.734239},{"town":"世知原町開作","koaza":"","lat":33.236463,"lng":129.79655},{"town":"筒井町","koaza":"","lat":33.220331,"lng":129.768967},{"town":"世知原町上野原","koaza":"","lat":33.239008,"lng":129.760132},{"town":"世知原町西ノ岳","koaza":"","lat":33.229271,"lng":129.778538},{"town":"小佐々町臼ノ浦","koaza":"","lat":33.215218,"lng":129.612994},{"town":"江迎町埋立","koaza":"","lat":33.313319,"lng":129.612102},{"town":"干尽町","koaza":"","lat":33.154411,"lng":129.729089},{"town":"小佐々町矢岳","koaza":"","lat":33.232024,"lng":129.575801},{"town":"ひうみ町","koaza":"","lat":null,"lng":null}]