[{"town":"相河郷","koaza":"","lat":32.961156,"lng":129.074581},{"town":"青方郷","koaza":"","lat":32.989706,"lng":129.068433},{"town":"赤尾郷","koaza":"","lat":32.997605,"lng":129.156872},{"town":"阿瀬津郷","koaza":"","lat":32.955388,"lng":129.118253},{"town":"網上郷","koaza":"","lat":33.026909,"lng":129.055401},{"town":"荒川郷","koaza":"","lat":32.917118,"lng":129.045593},{"town":"有川郷","koaza":"","lat":32.973233,"lng":129.127274},{"town":"有福郷","koaza":"","lat":32.915873,"lng":128.944049},{"town":"飯ノ瀬戸郷","koaza":"","lat":32.953991,"lng":129.008695},{"town":"今里郷","koaza":"","lat":32.953062,"lng":129.046164},{"town":"岩瀬浦郷","koaza":"","lat":32.881349,"lng":129.076288},{"town":"浦桑郷","koaza":"","lat":32.989486,"lng":129.084272},{"town":"榎津郷","koaza":"","lat":32.99958,"lng":129.088011},{"town":"江ノ浜郷","koaza":"","lat":32.978605,"lng":129.167784},{"town":"太田郷","koaza":"","lat":32.954103,"lng":129.140786},{"town":"小河原郷","koaza":"","lat":32.992146,"lng":129.13918},{"town":"桐古里郷","koaza":"","lat":32.850564,"lng":129.048042},{"town":"小串郷","koaza":"","lat":33.048616,"lng":129.096864},{"town":"榊ノ浦郷","koaza":"","lat":32.912559,"lng":128.995397},{"town":"宿ノ浦郷","koaza":"","lat":32.89667,"lng":129.050712},{"town":"曽根郷","koaza":"","lat":33.072124,"lng":129.093427},{"town":"鯛ノ浦郷","koaza":"","lat":32.949294,"lng":129.095146},{"town":"立串郷","koaza":"","lat":33.091382,"lng":129.114338},{"town":"続浜ノ浦郷","koaza":"","lat":32.964105,"lng":129.012372},{"town":"津和崎郷","koaza":"","lat":33.134301,"lng":129.105543},{"town":"友住郷","koaza":"","lat":33.013281,"lng":129.185147},{"town":"七目郷","koaza":"","lat":32.974308,"lng":129.090695},{"town":"奈摩郷","koaza":"","lat":33.021418,"lng":129.082578},{"town":"奈良尾郷","koaza":"","lat":32.844612,"lng":129.056713},{"town":"西神ノ浦郷","koaza":"","lat":32.912747,"lng":129.013888},{"town":"似首郷","koaza":"","lat":33.02226,"lng":129.093425},{"town":"東神ノ浦郷","koaza":"","lat":32.924841,"lng":129.075675},{"town":"日島郷","koaza":"","lat":32.92374,"lng":128.962273},{"town":"船崎郷","koaza":"","lat":33.000466,"lng":129.049156},{"town":"間伏郷","koaza":"","lat":32.881446,"lng":128.978129},{"town":"丸尾郷","koaza":"","lat":33.008451,"lng":129.085663},{"town":"三日ノ浦郷","koaza":"","lat":32.956416,"lng":129.0631},{"town":"道土井郷","koaza":"","lat":32.943608,"lng":129.02506},{"town":"若松郷","koaza":"","lat":32.874915,"lng":129.017041},{"town":"漁生浦郷","koaza":"","lat":32.909308,"lng":128.963194},{"town":"奈摩郷","koaza":"上原","lat":33.019054,"lng":129.068637}]