[{"town":"有明町","koaza":"","lat":34.13187,"lng":133.642966},{"town":"粟井町","koaza":"","lat":34.07554,"lng":133.722845},{"town":"池之尻町","koaza":"","lat":34.11392,"lng":133.68966},{"town":"伊吹町","koaza":"","lat":34.13045,"lng":133.535408},{"town":"植田町","koaza":"","lat":34.124153,"lng":133.676704},{"town":"大野原町青岡","koaza":"","lat":34.095797,"lng":133.677603},{"town":"大野原町有木","koaza":"","lat":34.033976,"lng":133.708414},{"town":"大野原町井関","koaza":"","lat":34.05771,"lng":133.68374},{"town":"大野原町内野々","koaza":"","lat":34.054174,"lng":133.701051},{"town":"大野原町海老済","koaza":"","lat":34.03198,"lng":133.684579},{"town":"大野原町大野原","koaza":"","lat":34.083598,"lng":133.659651},{"town":"大野原町田野々","koaza":"","lat":34.040298,"lng":133.662348},{"town":"大野原町中姫","koaza":"","lat":34.09029,"lng":133.6735},{"town":"大野原町萩原","koaza":"","lat":34.070842,"lng":133.685822},{"town":"大野原町花稲","koaza":"","lat":34.094918,"lng":133.644986},{"town":"大野原町福田原","koaza":"","lat":34.074871,"lng":133.694292},{"town":"大野原町丸井","koaza":"","lat":34.073799,"lng":133.706198},{"town":"観音寺町","koaza":"","lat":34.128352,"lng":133.649947},{"town":"木之郷町","koaza":"","lat":34.10365,"lng":133.681442},{"town":"柞田町","koaza":"","lat":34.104938,"lng":133.654831},{"town":"琴浪町一丁目","koaza":"","lat":34.124344,"lng":133.639796},{"town":"琴浪町二丁目","koaza":"","lat":34.121908,"lng":133.640714},{"town":"幸町","koaza":"","lat":34.131396,"lng":133.655019},{"town":"栄町一丁目","koaza":"","lat":34.124791,"lng":133.656564},{"town":"栄町二丁目","koaza":"","lat":34.122956,"lng":133.649676},{"town":"栄町三丁目","koaza":"","lat":34.12507,"lng":133.656009},{"town":"坂本町一丁目","koaza":"","lat":34.128472,"lng":133.66245},{"town":"坂本町二丁目","koaza":"","lat":34.128179,"lng":133.665482},{"town":"坂本町三丁目","koaza":"","lat":34.126668,"lng":133.665255},{"town":"坂本町四丁目","koaza":"","lat":34.125632,"lng":133.666062},{"town":"坂本町五丁目","koaza":"","lat":34.122406,"lng":133.661538},{"town":"坂本町六丁目","koaza":"","lat":34.124473,"lng":133.659364},{"town":"坂本町七丁目","koaza":"","lat":34.127439,"lng":133.658463},{"town":"三本松町一丁目","koaza":"","lat":34.12426,"lng":133.643591},{"town":"三本松町二丁目","koaza":"","lat":34.121684,"lng":133.643559},{"town":"三本松町三丁目","koaza":"","lat":34.117492,"lng":133.643749},{"town":"三本松町四丁目","koaza":"","lat":34.117677,"lng":133.641307},{"town":"茂木町一丁目","koaza":"","lat":34.13054,"lng":133.667167},{"town":"茂木町二丁目","koaza":"","lat":34.131296,"lng":133.664301},{"town":"茂木町三丁目","koaza":"","lat":34.131904,"lng":133.661708},{"town":"茂木町四丁目","koaza":"","lat":34.132207,"lng":133.658468},{"town":"茂木町五丁目","koaza":"","lat":34.134494,"lng":133.662276},{"town":"茂西町一丁目","koaza":"","lat":34.132005,"lng":133.656241},{"town":"茂西町二丁目","koaza":"","lat":34.133293,"lng":133.655085},{"town":"出作町","koaza":"","lat":34.117447,"lng":133.676002},{"town":"昭和町一丁目","koaza":"","lat":34.122256,"lng":133.655319},{"town":"昭和町二丁目","koaza":"","lat":34.120584,"lng":133.657028},{"town":"昭和町三丁目","koaza":"","lat":34.121326,"lng":133.652097},{"town":"新田町","koaza":"","lat":34.109199,"lng":133.699903},{"town":"瀬戸町一丁目","koaza":"","lat":34.121269,"lng":133.637929},{"town":"瀬戸町二丁目","koaza":"","lat":34.12089,"lng":133.634677},{"town":"瀬戸町三丁目","koaza":"","lat":34.117023,"lng":133.639992},{"town":"瀬戸町四丁目","koaza":"","lat":34.116334,"lng":133.636321},{"town":"高屋町","koaza":"","lat":34.150074,"lng":133.660575},{"town":"天神町一丁目","koaza":"","lat":34.129285,"lng":133.659968},{"town":"天神町二丁目","koaza":"","lat":34.129707,"lng":133.658029},{"town":"天神町三丁目","koaza":"","lat":34.13032,"lng":133.656365},{"town":"豊浜町姫浜","koaza":"","lat":34.082918,"lng":133.640226},{"town":"豊浜町箕浦","koaza":"","lat":34.047857,"lng":133.631029},{"town":"豊浜町和田","koaza":"","lat":34.059646,"lng":133.654313},{"town":"豊浜町和田浜","koaza":"","lat":34.073198,"lng":133.638434},{"town":"中田井町","koaza":"","lat":34.123499,"lng":133.707389},{"town":"流岡町","koaza":"","lat":34.135102,"lng":133.676779},{"town":"西本町一丁目","koaza":"","lat":34.128278,"lng":133.644467},{"town":"西本町二丁目","koaza":"","lat":34.126471,"lng":133.644432},{"town":"原町","koaza":"","lat":34.111123,"lng":133.707088},{"town":"古川町","koaza":"","lat":34.126827,"lng":133.695349},{"town":"港町一丁目","koaza":"","lat":34.127246,"lng":133.639914},{"town":"港町二丁目","koaza":"","lat":34.126385,"lng":133.639742},{"town":"南町一丁目","koaza":"","lat":34.124258,"lng":133.647776},{"town":"南町二丁目","koaza":"","lat":34.120959,"lng":133.649351},{"town":"南町三丁目","koaza":"","lat":34.118558,"lng":133.648451},{"town":"南町四丁目","koaza":"","lat":34.118506,"lng":133.646371},{"town":"南町五丁目","koaza":"","lat":34.121917,"lng":133.647155},{"town":"村黒町","koaza":"","lat":34.131586,"lng":133.67152},{"town":"室本町","koaza":"","lat":34.150411,"lng":133.647111},{"town":"本大町","koaza":"","lat":34.131513,"lng":133.701277},{"town":"八幡町一丁目","koaza":"","lat":34.133047,"lng":133.64924},{"town":"八幡町二丁目","koaza":"","lat":34.137459,"lng":133.648026},{"town":"八幡町三丁目","koaza":"","lat":34.136856,"lng":133.654134},{"town":"吉岡町","koaza":"","lat":34.130727,"lng":133.688901},{"town":"豊浜町姫浜","koaza":"芝原","lat":34.084395,"lng":133.641112},{"town":"観音寺町","koaza":"白浜","lat":34.12737,"lng":133.654097},{"town":"出作町","koaza":"川西","lat":34.116712,"lng":133.675727},{"town":"植田町","koaza":"東原","lat":34.123346,"lng":133.684571},{"town":"吉岡町","koaza":"道上","lat":34.126867,"lng":133.687973},{"town":"古川町","koaza":"切石","lat":34.130733,"lng":133.692676}]