[{"town":"菖蒲原町","koaza":"","lat":31.72916,"lng":131.085085},{"town":"一万城町","koaza":"","lat":31.721836,"lng":131.093352},{"town":"今町","koaza":"","lat":31.687969,"lng":131.031568},{"town":"岩満町","koaza":"","lat":31.838091,"lng":131.087068},{"town":"祝吉一丁目","koaza":"","lat":31.741909,"lng":131.081127},{"town":"祝吉二丁目","koaza":"","lat":31.746154,"lng":131.083079},{"town":"祝吉三丁目","koaza":"","lat":31.741974,"lng":131.08463},{"town":"祝吉町","koaza":"","lat":31.739379,"lng":131.085945},{"town":"梅北町","koaza":"","lat":31.662567,"lng":131.05538},{"town":"大岩田町","koaza":"","lat":31.700187,"lng":131.051529},{"town":"乙房町","koaza":"","lat":31.762789,"lng":131.045438},{"town":"甲斐元町","koaza":"","lat":31.714916,"lng":131.059835},{"town":"菓子野町","koaza":"","lat":31.780215,"lng":131.045129},{"town":"金田町","koaza":"","lat":31.775052,"lng":131.077615},{"town":"上川東一丁目","koaza":"","lat":31.738255,"lng":131.073794},{"town":"上川東二丁目","koaza":"","lat":31.740924,"lng":131.075876},{"town":"上川東三丁目","koaza":"","lat":31.743499,"lng":131.076974},{"town":"上川東四丁目","koaza":"","lat":31.747841,"lng":131.080668},{"town":"上水流町","koaza":"","lat":31.809753,"lng":131.097499},{"town":"上長飯町","koaza":"","lat":31.71126,"lng":131.085677},{"town":"上東町","koaza":"","lat":31.723114,"lng":131.078451},{"town":"上町","koaza":"","lat":31.72326,"lng":131.062802},{"town":"北原町","koaza":"","lat":31.732623,"lng":131.077269},{"town":"久保原町","koaza":"","lat":31.722254,"lng":131.032213},{"town":"蔵原町","koaza":"","lat":31.72283,"lng":131.066804},{"town":"郡元一丁目","koaza":"","lat":31.743245,"lng":131.089596},{"town":"郡元二丁目","koaza":"","lat":31.742682,"lng":131.087267},{"town":"郡元三丁目","koaza":"","lat":31.746263,"lng":131.086457},{"town":"郡元四丁目","koaza":"","lat":31.746358,"lng":131.090909},{"town":"郡元町","koaza":"","lat":31.744803,"lng":131.097372},{"town":"五十町","koaza":"","lat":31.70835,"lng":131.038848},{"town":"小松原町","koaza":"","lat":31.733545,"lng":131.07051},{"town":"栄町","koaza":"","lat":31.73512,"lng":131.07734},{"town":"志比田町","koaza":"","lat":31.745334,"lng":131.057312},{"town":"下川東一丁目","koaza":"","lat":31.739224,"lng":131.068389},{"town":"下川東二丁目","koaza":"","lat":31.741651,"lng":131.068504},{"town":"下川東三丁目","koaza":"","lat":31.743705,"lng":131.069715},{"town":"下川東四丁目","koaza":"","lat":31.748259,"lng":131.070928},{"town":"下水流町","koaza":"","lat":31.819223,"lng":131.114094},{"town":"下長飯町","koaza":"","lat":31.703911,"lng":131.061094},{"town":"庄内町","koaza":"","lat":31.77856,"lng":131.009996},{"town":"神之山町","koaza":"","lat":31.753399,"lng":131.096634},{"town":"関之尾町","koaza":"","lat":31.762037,"lng":131.002898},{"town":"千町","koaza":"","lat":31.737596,"lng":131.083748},{"town":"大王町","koaza":"","lat":31.732793,"lng":131.063007},{"town":"鷹尾一丁目","koaza":"","lat":31.726828,"lng":131.051341},{"town":"鷹尾二丁目","koaza":"","lat":31.721568,"lng":131.045075},{"town":"鷹尾三丁目","koaza":"","lat":31.725458,"lng":131.044188},{"town":"鷹尾四丁目","koaza":"","lat":31.725872,"lng":131.040634},{"town":"鷹尾五丁目","koaza":"","lat":31.726271,"lng":131.037115},{"town":"高木町","koaza":"","lat":31.784111,"lng":131.106627},{"town":"高崎町江平","koaza":"","lat":31.895665,"lng":131.092686},{"town":"高崎町大牟田","koaza":"","lat":31.873622,"lng":131.065066},{"town":"高崎町東霧島","koaza":"","lat":31.850201,"lng":131.068003},{"town":"高崎町縄瀬","koaza":"","lat":31.870241,"lng":131.105469},{"town":"高崎町笛水","koaza":"","lat":31.932513,"lng":131.1297},{"town":"高崎町前田","koaza":"","lat":31.905844,"lng":131.032337},{"town":"高城町有水","koaza":"","lat":31.882171,"lng":131.14901},{"town":"高城町石山","koaza":"","lat":31.835802,"lng":131.130039},{"town":"高城町大井手","koaza":"","lat":31.798964,"lng":131.142934},{"town":"高城町桜木","koaza":"","lat":31.783982,"lng":131.122742},{"town":"高城町四家","koaza":"","lat":31.900103,"lng":131.176108},{"town":"高城町高城","koaza":"","lat":31.801966,"lng":131.131856},{"town":"高城町穂満坊","koaza":"","lat":31.807434,"lng":131.124058},{"town":"高野町","koaza":"","lat":31.815395,"lng":130.943927},{"town":"立野町","koaza":"","lat":31.730528,"lng":131.09782},{"town":"太郎坊町","koaza":"","lat":31.783116,"lng":131.090373},{"town":"妻ケ丘町","koaza":"","lat":31.728043,"lng":131.077285},{"town":"天神町","koaza":"","lat":31.726176,"lng":131.068509},{"town":"年見町","koaza":"","lat":31.733376,"lng":131.085877},{"town":"都北町","koaza":"","lat":31.765878,"lng":131.096788},{"town":"豊満町","koaza":"","lat":31.689633,"lng":131.111124},{"town":"中原町","koaza":"","lat":31.727871,"lng":131.071975},{"town":"中町","koaza":"","lat":31.726461,"lng":131.064961},{"town":"夏尾町","koaza":"","lat":31.850986,"lng":130.97015},{"town":"西町","koaza":"","lat":31.718993,"lng":131.05439},{"town":"野々美谷町","koaza":"","lat":31.787735,"lng":131.067471},{"town":"八幡町","koaza":"","lat":31.720102,"lng":131.058596},{"town":"花繰町","koaza":"","lat":31.725289,"lng":131.084688},{"town":"早鈴町","koaza":"","lat":31.715941,"lng":131.074925},{"town":"早水町","koaza":"","lat":31.735686,"lng":131.096233},{"town":"東町","koaza":"","lat":31.722431,"lng":131.071219},{"town":"姫城町","koaza":"","lat":31.716868,"lng":131.065341},{"town":"平江町","koaza":"","lat":31.735902,"lng":131.065626},{"town":"平塚町","koaza":"","lat":31.712446,"lng":131.022814},{"town":"広原町","koaza":"","lat":31.726942,"lng":131.094528},{"town":"前田町","koaza":"","lat":31.729595,"lng":131.06859},{"town":"松元町","koaza":"","lat":31.72298,"lng":131.057458},{"town":"丸谷町","koaza":"","lat":31.818307,"lng":131.076507},{"town":"御池町","koaza":"","lat":31.859651,"lng":130.927035},{"town":"美川町","koaza":"","lat":31.803381,"lng":130.969712},{"town":"南鷹尾町","koaza":"","lat":31.71872,"lng":131.042126},{"town":"南横市町","koaza":"","lat":31.74141,"lng":131.035992},{"town":"蓑原町","koaza":"","lat":31.732201,"lng":131.027082},{"town":"都島町","koaza":"","lat":31.715715,"lng":131.050222},{"town":"都原町","koaza":"","lat":31.734838,"lng":131.041232},{"town":"宮丸町","koaza":"","lat":31.730077,"lng":131.056701},{"town":"牟田町","koaza":"","lat":31.726386,"lng":131.061313},{"town":"安久町","koaza":"","lat":31.662416,"lng":131.12576},{"town":"山田町中霧島","koaza":"","lat":31.802895,"lng":131.007522},{"town":"山田町山田","koaza":"","lat":31.840563,"lng":131.022159},{"town":"山之口町富吉","koaza":"","lat":31.758798,"lng":131.156081},{"town":"山之口町花木","koaza":"","lat":31.776565,"lng":131.165207},{"town":"山之口町山之口","koaza":"","lat":31.822139,"lng":131.18965},{"town":"横市町","koaza":"","lat":31.75134,"lng":131.025704},{"town":"吉尾町","koaza":"","lat":31.757356,"lng":131.074581},{"town":"吉之元町","koaza":"","lat":31.831432,"lng":130.90126},{"town":"若葉町","koaza":"","lat":31.720496,"lng":131.081024},{"town":"山田町中霧島","koaza":"北屋敷","lat":31.794786,"lng":131.052967}]