[{"town":"六麓荘町","lat":"34.75336","lng":"135.309902"},{"town":"劔谷","lat":"34.756349","lng":"135.301512"},{"town":"奥山","lat":"34.761977","lng":"135.2821"},{"town":"涼風町","lat":"34.707449","lng":"135.316581"},{"town":"潮見町","lat":"34.717059","lng":"135.30969"},{"town":"朝日ケ丘町","lat":"34.746629","lng":"135.305739"},{"town":"山手町","lat":"34.743028","lng":"135.299578"},{"town":"岩園町","lat":"34.74588","lng":"135.313732"},{"town":"親王塚町","lat":"34.737585","lng":"135.311986"},{"town":"翠ケ丘町","lat":"34.738379","lng":"135.315784"},{"town":"楠町","lat":"34.735059","lng":"135.315566"},{"town":"上宮川町","lat":"34.733742","lng":"135.309337"},{"town":"東山町","lat":"34.741032","lng":"135.308429"},{"town":"大原町","lat":"34.73696","lng":"135.308428"},{"town":"月若町","lat":"34.734495","lng":"135.300507"},{"town":"西山町","lat":"34.736479","lng":"135.298632"},{"town":"山芦屋町","lat":"34.740913","lng":"135.295584"},{"town":"船戸町","lat":"34.735714","lng":"135.305433"},{"town":"松ノ内町","lat":"34.735215","lng":"135.302883"},{"town":"東芦屋町","lat":"34.741369","lng":"135.304158"},{"town":"三条町","lat":"34.738857","lng":"135.292754"},{"town":"城山","lat":"34.743964","lng":"135.29367"},{"town":"春日町","lat":"34.733611","lng":"135.318383"},{"town":"浜風町","lat":"34.721584","lng":"135.321908"},{"town":"南宮町","lat":"34.728654","lng":"135.319849"},{"town":"若宮町","lat":"34.730343","lng":"135.314194"},{"town":"打出小槌町","lat":"34.732313","lng":"135.313466"},{"town":"西蔵町","lat":"34.726502","lng":"135.314725"},{"town":"呉川町","lat":"34.725745","lng":"135.31213"},{"town":"大東町","lat":"34.729065","lng":"135.322722"},{"town":"打出町","lat":"34.731905","lng":"135.318549"},{"town":"浜町","lat":"34.727694","lng":"135.316942"},{"town":"津知町","lat":"34.728805","lng":"135.297686"},{"town":"西芦屋町","lat":"34.733758","lng":"135.298507"},{"town":"浜芦屋町","lat":"34.724698","lng":"135.306099"},{"town":"竹園町","lat":"34.726351","lng":"135.308419"},{"town":"茶屋之町","lat":"34.730907","lng":"135.307596"},{"town":"平田北町","lat":"34.726282","lng":"135.302283"},{"town":"川西町","lat":"34.728986","lng":"135.301287"},{"town":"宮川町","lat":"34.729183","lng":"135.311228"},{"town":"宮塚町","lat":"34.731532","lng":"135.310419"},{"town":"精道町","lat":"34.727728","lng":"135.306781"},{"town":"大桝町","lat":"34.73039","lng":"135.305885"},{"town":"公光町","lat":"34.729859","lng":"135.304201"},{"town":"業平町","lat":"34.732705","lng":"135.305094"},{"town":"前田町","lat":"34.731655","lng":"135.300393"},{"town":"清水町","lat":"34.730608","lng":"135.29755"},{"town":"三条南町","lat":"34.732705","lng":"135.295797"},{"town":"新浜町","lat":"34.723634","lng":"135.318902"},{"town":"高浜町","lat":"34.720212","lng":"135.316871"},{"town":"陽光町","lat":"34.713349","lng":"135.313366"},{"town":"若葉町","lat":"34.719718","lng":"135.314243"},{"town":"緑町","lat":"34.719726","lng":"135.30982"},{"town":"伊勢町","lat":"34.723473","lng":"135.310401"},{"town":"松浜町","lat":"34.721395","lng":"135.30716"},{"town":"平田町","lat":"34.722126","lng":"135.303487"},{"town":"南浜町","lat":"34.708799","lng":"135.30926"},{"town":"海洋町","lat":"34.711767","lng":"135.315239"},{"town":"奥池南町","lat":"34.768566","lng":"135.288607"},{"town":"奥池町","lat":"34.770723","lng":"135.282523"}]