[{"town":"北幸一丁目","koaza":"","lat":"35.467075","lng":"139.619367"},{"town":"伊勢町一丁目","koaza":"","lat":"35.450884","lng":"139.623265"},{"town":"東ケ丘","koaza":"","lat":"35.444470","lng":"139.624612"},{"town":"伊勢町二丁目","koaza":"","lat":"35.452434","lng":"139.621402"},{"town":"西戸部町一丁目","koaza":"","lat":"35.447551","lng":"139.620034"},{"town":"御所山町","koaza":"","lat":"35.454470","lng":"139.621782"},{"town":"赤門町二丁目","koaza":"","lat":"35.442951","lng":"139.621182"},{"town":"老松町","koaza":"","lat":"35.447269","lng":"139.624164"},{"town":"戸部本町","koaza":"","lat":"35.456889","lng":"139.620749"},{"town":"西戸部町二丁目","koaza":"","lat":"35.449363","lng":"139.618294"},{"town":"桜木町七丁目","koaza":"","lat":"35.459054","lng":"139.623485"},{"town":"南幸一丁目","koaza":"","lat":"35.465811","lng":"139.620623"},{"town":"高島二丁目","koaza":"","lat":"35.463443","lng":"139.622052"},{"town":"平沼一丁目","koaza":"","lat":"35.460503","lng":"139.619645"},{"town":"みなとみらい五丁目","koaza":"","lat":"35.461726","lng":"139.629806"},{"town":"みなとみらい三丁目","koaza":"","lat":"35.457124","lng":"139.630645"},{"town":"みなとみらい二丁目","koaza":"","lat":"35.455154","lng":"139.631835"},{"town":"みなとみらい一丁目","koaza":"","lat":"35.460370","lng":"139.635639"},{"town":"みなとみらい六丁目","koaza":"","lat":"35.464978","lng":"139.630045"},{"town":"花咲町四丁目","koaza":"","lat":"35.453281","lng":"139.627202"},{"town":"戸部町二丁目","koaza":"","lat":"35.451771","lng":"139.624350"},{"town":"戸部町一丁目","koaza":"","lat":"35.450366","lng":"139.625259"},{"town":"宮崎町","koaza":"","lat":"35.450221","lng":"139.626899"},{"town":"桜木町六丁目","koaza":"","lat":"35.456576","lng":"139.625746"},{"town":"桜木町五丁目","koaza":"","lat":"35.455246","lng":"139.626513"},{"town":"花咲町六丁目","koaza":"","lat":"35.456605","lng":"139.624752"},{"town":"高島一丁目","koaza":"","lat":"35.461989","lng":"139.625411"},{"town":"紅葉ケ丘","koaza":"","lat":"35.452518","lng":"139.625952"},{"town":"花咲町五丁目","koaza":"","lat":"35.455015","lng":"139.626183"},{"town":"桜木町四丁目","koaza":"","lat":"35.453475","lng":"139.627943"},{"town":"戸部町六丁目","koaza":"","lat":"35.456841","lng":"139.623512"},{"town":"戸部町四丁目","koaza":"","lat":"35.454275","lng":"139.624133"},{"town":"戸部町五丁目","koaza":"","lat":"35.455730","lng":"139.624320"},{"town":"戸部町七丁目","koaza":"","lat":"35.457762","lng":"139.622937"},{"town":"花咲町七丁目","koaza":"","lat":"35.458046","lng":"139.623585"},{"town":"戸部町三丁目","koaza":"","lat":"35.452748","lng":"139.623527"},{"town":"みなとみらい四丁目","koaza":"","lat":"35.458842","lng":"139.628056"},{"town":"霞ケ丘","koaza":"","lat":"35.444410","lng":"139.618366"},{"town":"境之谷","koaza":"","lat":"35.445271","lng":"139.614006"},{"town":"西前町二丁目","koaza":"","lat":"35.452526","lng":"139.616948"},{"town":"西戸部町三丁目","koaza":"","lat":"35.451257","lng":"139.616654"},{"town":"岡野一丁目","koaza":"","lat":"35.462132","lng":"139.615628"},{"town":"東久保町","koaza":"","lat":"35.447698","lng":"139.607034"},{"town":"藤棚町二丁目","koaza":"","lat":"35.448115","lng":"139.613727"},{"town":"浜松町","koaza":"","lat":"35.452792","lng":"139.610604"},{"town":"久保町","koaza":"","lat":"35.448813","lng":"139.610989"},{"town":"藤棚町一丁目","koaza":"","lat":"35.450023","lng":"139.612702"},{"town":"中央一丁目","koaza":"","lat":"35.455039","lng":"139.617005"},{"town":"伊勢町三丁目","koaza":"","lat":"35.453659","lng":"139.619307"},{"town":"西前町三丁目","koaza":"","lat":"35.451913","lng":"139.616613"},{"town":"中央二丁目","koaza":"","lat":"35.453420","lng":"139.614524"},{"town":"浅間町三丁目","koaza":"","lat":"35.461605","lng":"139.608043"},{"town":"西平沼町","koaza":"","lat":"35.457443","lng":"139.612776"},{"town":"平沼二丁目","koaza":"","lat":"35.456881","lng":"139.615056"},{"town":"元久保町","koaza":"","lat":"35.444869","lng":"139.606941"},{"town":"南浅間町","koaza":"","lat":"35.455945","lng":"139.608250"},{"town":"岡野二丁目","koaza":"","lat":"35.460521","lng":"139.612608"},{"town":"浅間町四丁目","koaza":"","lat":"35.459419","lng":"139.608141"},{"town":"浅間町五丁目","koaza":"","lat":"35.456319","lng":"139.606280"},{"town":"浅間台","koaza":"","lat":"35.464431","lng":"139.607614"},{"town":"南幸二丁目","koaza":"","lat":"35.463844","lng":"139.617113"},{"town":"浅間町二丁目","koaza":"","lat":"35.463450","lng":"139.610398"},{"town":"浅間町一丁目","koaza":"","lat":"35.464667","lng":"139.612131"},{"town":"北幸二丁目","koaza":"","lat":"35.466413","lng":"139.615958"},{"town":"宮ケ谷","koaza":"","lat":"35.467393","lng":"139.607466"},{"town":"北軽井沢","koaza":"","lat":"35.470158","lng":"139.609913"},{"town":"南軽井沢","koaza":"","lat":"35.468418","lng":"139.611711"},{"town":"楠町","koaza":"","lat":"35.467242","lng":"139.613427"}]