[{"town":"御津町室津","lat":"34.770872","lng":"134.484696"},{"town":"揖西町土師四丁目","lat":"34.834286","lng":"134.496998"},{"town":"揖西町土師","lat":"34.833684","lng":"134.503535"},{"town":"揖西町土師二丁目","lat":"34.834627","lng":"134.500004"},{"town":"揖西町南山三丁目","lat":"34.836642","lng":"134.502248"},{"town":"揖西町南山","lat":"34.838561","lng":"134.507343"},{"town":"揖西町龍子","lat":"34.841266","lng":"134.511463"},{"town":"揖保川町二塚","lat":"34.835545","lng":"134.518582"},{"town":"揖保川町本條","lat":"34.836345","lng":"134.523499"},{"town":"揖保川町養久","lat":"34.840064","lng":"134.522935"},{"town":"揖保川町新在家","lat":"34.837061","lng":"134.529573"},{"town":"揖保町揖保上","lat":"34.836102","lng":"134.53705"},{"town":"揖保町中臣","lat":"34.837283","lng":"134.546803"},{"town":"誉田町下沖","lat":"34.8366","lng":"134.554695"},{"town":"誉田町井上","lat":"34.839783","lng":"134.558856"},{"town":"揖西町土師一丁目","lat":"34.838993","lng":"134.500575"},{"town":"新宮町善定","lat":"34.914137","lng":"134.498046"},{"town":"揖西町土師三丁目","lat":"34.837165","lng":"134.497048"},{"town":"揖西町新宮","lat":"34.8672","lng":"134.50223"},{"town":"揖西町小畑","lat":"34.842836","lng":"134.496852"},{"town":"揖西町菖蒲谷","lat":"34.887892","lng":"134.496281"},{"town":"揖西町竹原","lat":"34.839295","lng":"134.487464"},{"town":"揖西町北沢","lat":"34.851081","lng":"134.498926"},{"town":"揖西町小犬丸","lat":"34.861477","lng":"134.479901"},{"town":"新宮町大屋","lat":"34.925195","lng":"134.524404"},{"town":"新宮町芝田","lat":"34.918041","lng":"134.539682"},{"town":"新宮町新宮","lat":"34.919758","lng":"134.556034"},{"town":"新宮町曽我井","lat":"34.911731","lng":"134.561847"},{"town":"新宮町光都三丁目","lat":"34.921885","lng":"134.452773"},{"town":"新宮町二柏野","lat":"34.918842","lng":"134.468616"},{"town":"新宮町福栖","lat":"34.943163","lng":"134.50881"},{"town":"新宮町千本","lat":"34.948106","lng":"134.487549"},{"town":"新宮町牧","lat":"34.973824","lng":"134.487152"},{"town":"新宮町奥小屋","lat":"34.996173","lng":"134.493827"},{"town":"御津町黒崎","lat":"34.775766","lng":"134.554272"},{"town":"御津町苅屋","lat":"34.774987","lng":"134.568272"},{"town":"御津町釜屋","lat":"34.783267","lng":"134.556367"},{"town":"御津町朝臣","lat":"34.787789","lng":"134.555433"},{"town":"御津町碇岩","lat":"34.794292","lng":"134.546206"},{"town":"御津町岩見","lat":"34.780145","lng":"134.540442"},{"town":"御津町中島","lat":"34.79573","lng":"134.562003"},{"town":"揖保町真砂","lat":"34.811566","lng":"134.554748"},{"town":"揖保町萩原","lat":"34.815895","lng":"134.54806"},{"town":"揖保川町市場","lat":"34.807942","lng":"134.547106"},{"town":"揖保川町浦部","lat":"34.805638","lng":"134.535507"},{"town":"揖保川町袋尻","lat":"34.807365","lng":"134.540277"},{"town":"揖保川町金剛山","lat":"34.805679","lng":"134.525443"},{"town":"揖保川町馬場","lat":"34.792447","lng":"134.518319"},{"town":"誉田町片吹","lat":"34.833015","lng":"134.558722"},{"town":"揖保町松原","lat":"34.825805","lng":"134.554788"},{"town":"揖保町東用","lat":"34.819744","lng":"134.547962"},{"town":"揖保町栄","lat":"34.826858","lng":"134.547583"},{"town":"揖保町門前","lat":"34.830022","lng":"134.552919"},{"town":"揖保町西構","lat":"34.826727","lng":"134.542004"},{"town":"揖保町今市","lat":"34.821305","lng":"134.537203"},{"town":"揖保町揖保中","lat":"34.830725","lng":"134.535535"},{"town":"揖保川町山津屋","lat":"34.819808","lng":"134.524197"},{"town":"揖保川町正條","lat":"34.823884","lng":"134.529288"},{"town":"揖保川町黍田","lat":"34.817266","lng":"134.516609"},{"town":"揖保川町神戸北山","lat":"34.828225","lng":"134.522798"},{"town":"揖保川町原","lat":"34.814164","lng":"134.508387"},{"town":"揖保川町片島","lat":"34.82955","lng":"134.510224"},{"town":"揖保川町大門","lat":"34.825352","lng":"134.502597"},{"town":"揖西町南山一丁目","lat":"34.841197","lng":"134.502821"},{"town":"揖西町南山二丁目","lat":"34.839292","lng":"134.50228"},{"town":"誉田町高駄","lat":"34.846007","lng":"134.556811"},{"town":"誉田町上沖","lat":"34.843882","lng":"134.553274"},{"town":"誉田町長真","lat":"34.847471","lng":"134.551979"},{"town":"揖保町山下","lat":"34.842087","lng":"134.544268"},{"town":"揖保川町野田","lat":"34.842605","lng":"134.53125"},{"town":"揖西町尾崎","lat":"34.845329","lng":"134.505769"},{"town":"誉田町福田","lat":"34.847807","lng":"134.571533"},{"town":"誉田町内山","lat":"34.854193","lng":"134.572897"},{"town":"龍野町中井","lat":"34.862507","lng":"134.576369"},{"town":"龍野町末政","lat":"34.862516","lng":"134.562921"},{"town":"誉田町広山","lat":"34.847015","lng":"134.56212"},{"town":"誉田町誉","lat":"34.851281","lng":"134.565094"},{"town":"龍野町宮脇","lat":"34.854348","lng":"134.561674"},{"town":"龍野町四箇","lat":"34.850046","lng":"134.549556"},{"town":"龍野町小宅北","lat":"34.853628","lng":"134.557198"},{"town":"龍野町中村","lat":"34.860903","lng":"134.558184"},{"town":"龍野町堂本","lat":"34.855802","lng":"134.553652"},{"town":"龍野町大道","lat":"34.848773","lng":"134.543517"},{"town":"龍野町富永","lat":"34.858461","lng":"134.546545"},{"town":"龍野町水神町","lat":"34.866307","lng":"134.548242"},{"town":"龍野町川原町","lat":"34.863134","lng":"134.545016"},{"town":"龍野町下川原","lat":"34.865341","lng":"134.546956"},{"town":"龍野町旭町","lat":"34.867502","lng":"134.548565"},{"town":"龍野町上川原","lat":"34.867785","lng":"134.546959"},{"town":"龍野町立町","lat":"34.865876","lng":"134.544376"},{"town":"龍野町大手","lat":"34.866533","lng":"134.545399"},{"town":"龍野町本町","lat":"34.864414","lng":"134.544097"},{"town":"龍野町福の神","lat":"34.865754","lng":"134.543155"},{"town":"龍野町日山","lat":"34.862247","lng":"134.539119"},{"town":"龍野町下霞城","lat":"34.866403","lng":"134.540274"},{"town":"揖西町芦原台","lat":"34.857824","lng":"134.533861"},{"town":"揖保川町半田","lat":"34.850743","lng":"134.534156"},{"town":"揖西町佐江","lat":"34.849888","lng":"134.522816"},{"town":"揖西町前地","lat":"34.847807","lng":"134.518088"},{"town":"揖西町北山","lat":"34.847272","lng":"134.514493"},{"town":"揖西町竹万","lat":"34.849778","lng":"134.510709"},{"town":"揖西町清水新","lat":"34.858261","lng":"134.524754"},{"town":"揖西町清水","lat":"34.853588","lng":"134.52495"},{"town":"揖西町田井","lat":"34.855915","lng":"134.514628"},{"town":"揖西町構","lat":"34.855947","lng":"134.50429"},{"town":"揖西町住吉","lat":"34.852033","lng":"134.505075"},{"town":"神岡町入野","lat":"34.872115","lng":"134.57437"},{"town":"神岡町沢田","lat":"34.876464","lng":"134.567743"},{"town":"龍野町片山","lat":"34.86718","lng":"134.562272"},{"town":"龍野町日飼","lat":"34.867392","lng":"134.553982"},{"town":"龍野町柳原","lat":"34.869268","lng":"134.549608"},{"town":"龍野町島田","lat":"34.874672","lng":"134.556193"},{"town":"龍野町門の外","lat":"34.869372","lng":"134.548183"},{"town":"龍野町上霞城","lat":"34.867782","lng":"134.544773"},{"town":"龍野町中霞城","lat":"34.868473","lng":"134.542327"},{"town":"龍野町北龍野","lat":"34.875748","lng":"134.542231"},{"town":"揖西町小神","lat":"34.860724","lng":"134.530473"},{"town":"神岡町田中","lat":"34.883037","lng":"134.58938"},{"town":"神岡町寄井","lat":"34.877651","lng":"134.583041"},{"town":"神岡町追分","lat":"34.889552","lng":"134.594733"},{"town":"神岡町野部","lat":"34.891728","lng":"134.586043"},{"town":"神岡町西鳥井","lat":"34.888514","lng":"134.579086"},{"town":"神岡町筒井","lat":"34.894859","lng":"134.580717"},{"town":"神岡町横内","lat":"34.886989","lng":"134.574071"},{"town":"神岡町西横内","lat":"34.887233","lng":"134.568783"},{"town":"神岡町上横内","lat":"34.892066","lng":"134.576491"},{"town":"神岡町北横内","lat":"34.893199","lng":"134.571408"},{"town":"神岡町奥村","lat":"34.893874","lng":"134.566809"},{"town":"神岡町東觜崎","lat":"34.887512","lng":"134.554675"},{"town":"神岡町大住寺","lat":"34.892164","lng":"134.5608"},{"town":"新宮町北村","lat":"34.899745","lng":"134.552767"},{"town":"新宮町觜崎","lat":"34.894912","lng":"134.552983"},{"town":"新宮町佐野","lat":"34.886406","lng":"134.544095"},{"town":"新宮町船渡","lat":"34.894448","lng":"134.546635"},{"town":"新宮町下野田","lat":"34.893353","lng":"134.53569"},{"town":"新宮町仙正","lat":"34.901382","lng":"134.546781"},{"town":"新宮町中野庄","lat":"34.900618","lng":"134.543122"},{"town":"新宮町井野原","lat":"34.908897","lng":"134.549698"},{"town":"新宮町段之上","lat":"34.909479","lng":"134.543684"},{"town":"新宮町馬立","lat":"34.900063","lng":"134.533577"},{"town":"揖西町中垣内","lat":"34.879733","lng":"134.522501"},{"town":"新宮町市野保","lat":"34.910673","lng":"134.527412"},{"town":"揖西町長尾","lat":"34.84993","lng":"134.487467"},{"town":"新宮町下野","lat":"34.92752","lng":"134.558323"},{"town":"新宮町下笹","lat":"34.940211","lng":"134.566924"},{"town":"新宮町吉島","lat":"34.937644","lng":"134.546915"},{"town":"新宮町宮内","lat":"34.931893","lng":"134.542343"},{"town":"新宮町平野","lat":"34.933005","lng":"134.529639"},{"town":"新宮町能地","lat":"34.937111","lng":"134.515374"},{"town":"新宮町上笹","lat":"34.945453","lng":"134.55667"},{"town":"新宮町香山","lat":"34.957595","lng":"134.542515"},{"town":"新宮町篠首","lat":"34.959488","lng":"134.519621"},{"town":"新宮町光都二丁目","lat":"34.939744","lng":"134.448145"},{"town":"新宮町光都一丁目","lat":"34.948392","lng":"134.434845"},{"town":"新宮町栗町","lat":"34.936724","lng":"134.468516"},{"town":"新宮町角亀","lat":"34.933073","lng":"134.457932"},{"town":"新宮町時重","lat":"34.962965","lng":"134.467015"},{"town":"新宮町鍛冶屋","lat":"34.954344","lng":"134.470459"},{"town":"新宮町上莇原","lat":"34.95058","lng":"134.455103"},{"town":"新宮町下莇原","lat":"34.961584","lng":"134.44787"}]