[{"town":"相生町","lat":"34.890513","lng":"132.096524"},{"town":"浅井町","lat":"34.905517","lng":"132.087856"},{"town":"旭町市木","lat":"34.829291","lng":"132.368816"},{"town":"旭町今市","lat":"34.852151","lng":"132.253808"},{"town":"旭町木田","lat":"34.888110","lng":"132.271929"},{"town":"旭町来尾","lat":"34.818404","lng":"132.337865"},{"town":"旭町坂本","lat":"34.816742","lng":"132.265334"},{"town":"旭町重富","lat":"34.855913","lng":"132.305532"},{"town":"旭町都川","lat":"34.821488","lng":"132.303807"},{"town":"旭町本郷","lat":"34.871070","lng":"132.311706"},{"town":"旭町丸原","lat":"34.873440","lng":"132.247813"},{"town":"旭町山ノ内","lat":"34.898821","lng":"132.285686"},{"town":"旭町和田","lat":"34.857913","lng":"132.284240"},{"town":"朝日町","lat":"34.898979","lng":"132.089311"},{"town":"熱田町","lat":"34.873164","lng":"132.063306"},{"town":"櫟田原町","lat":"34.819625","lng":"132.053375"},{"town":"井野町","lat":"34.809566","lng":"132.054680"},{"town":"牛市町","lat":"34.898931","lng":"132.082745"},{"town":"後野町","lat":"34.894549","lng":"132.132915"},{"town":"内田町","lat":"34.862517","lng":"132.069576"},{"town":"宇津井町","lat":"34.907608","lng":"132.174996"},{"town":"宇野町","lat":"34.925922","lng":"132.158765"},{"town":"生湯町","lat":"34.922190","lng":"132.094195"},{"town":"蛭子町","lat":"34.895677","lng":"132.076647"},{"town":"大金町","lat":"34.933548","lng":"132.182796"},{"town":"大辻町","lat":"34.896160","lng":"132.071471"},{"town":"折居町","lat":"34.820906","lng":"131.985199"},{"town":"笠柄町","lat":"34.881227","lng":"132.063759"},{"town":"片庭町","lat":"34.898235","lng":"132.072784"},{"town":"金城町今福","lat":"34.890105","lng":"132.213795"},{"town":"金城町入野","lat":"34.909945","lng":"132.217023"},{"town":"金城町宇津井","lat":"34.900715","lng":"132.186089"},{"town":"金城町追原","lat":"34.914253","lng":"132.248809"},{"town":"金城町小国","lat":"34.816701","lng":"132.201868"},{"town":"金城町上来原","lat":"34.835615","lng":"132.174752"},{"town":"金城町久佐","lat":"34.852819","lng":"132.217845"},{"town":"金城町七条","lat":"34.857094","lng":"132.143270"},{"town":"金城町下来原","lat":"34.866491","lng":"132.180966"},{"town":"金城町長田","lat":"34.766881","lng":"132.207948"},{"town":"金城町波佐","lat":"34.755215","lng":"132.171924"},{"town":"上府町","lat":"34.929283","lng":"132.131495"},{"town":"京町","lat":"34.895526","lng":"132.074108"},{"town":"久代町","lat":"34.952220","lng":"132.137211"},{"town":"黒川町","lat":"34.898475","lng":"132.101105"},{"town":"高佐町","lat":"34.907384","lng":"132.112960"},{"town":"河内町","lat":"34.882517","lng":"132.118275"},{"town":"国分町","lat":"34.944803","lng":"132.117364"},{"town":"紺屋町","lat":"34.898173","lng":"132.080565"},{"town":"栄町","lat":"34.896591","lng":"132.076070"},{"town":"佐野町","lat":"34.892265","lng":"132.167599"},{"town":"三階町","lat":"34.869005","lng":"132.099485"},{"town":"清水町","lat":"34.893090","lng":"132.076552"},{"town":"下有福町","lat":"34.948349","lng":"132.188498"},{"town":"下府町","lat":"34.922293","lng":"132.113279"},{"town":"真光町","lat":"34.894719","lng":"132.073605"},{"town":"新町","lat":"34.897496","lng":"132.077894"},{"town":"杉戸町","lat":"34.894935","lng":"132.082307"},{"town":"周布町","lat":"34.860992","lng":"132.025525"},{"town":"瀬戸ケ島町","lat":"34.901173","lng":"132.060758"},{"town":"瀬戸見町","lat":"34.892005","lng":"132.071837"},{"town":"高田町","lat":"34.896465","lng":"132.073659"},{"town":"竹迫町","lat":"34.892709","lng":"132.086410"},{"town":"田橋町","lat":"34.833419","lng":"132.053968"},{"town":"田町","lat":"34.901224","lng":"132.084723"},{"town":"治和町","lat":"34.859626","lng":"132.018929"},{"town":"津摩町","lat":"34.862712","lng":"132.012109"},{"town":"天満町","lat":"34.896169","lng":"132.079066"},{"town":"外ノ浦町","lat":"34.914106","lng":"132.077564"},{"town":"殿町","lat":"34.902113","lng":"132.077198"},{"town":"内村町","lat":"34.841815","lng":"132.066924"},{"town":"長沢町","lat":"34.910795","lng":"132.097340"},{"town":"長浜町","lat":"34.872006","lng":"132.039490"},{"town":"長見町","lat":"34.843082","lng":"132.108141"},{"town":"鍋石町","lat":"34.812941","lng":"132.079322"},{"town":"錦町","lat":"34.898026","lng":"132.076819"},{"town":"西村町","lat":"34.835584","lng":"132.010969"},{"town":"野原町","lat":"34.886401","lng":"132.079354"},{"town":"原井町","lat":"34.881349","lng":"132.071060"},{"town":"原町","lat":"34.893429","lng":"132.072499"},{"town":"日脚町","lat":"34.866805","lng":"132.030770"},{"town":"琵琶町","lat":"34.900243","lng":"132.087803"},{"town":"穂出町","lat":"34.850618","lng":"132.038266"},{"town":"松原町","lat":"34.905734","lng":"132.079712"},{"town":"三隅町芦谷","lat":"34.782777","lng":"131.991502"},{"town":"三隅町井川","lat":"34.758413","lng":"132.009420"},{"town":"三隅町井野","lat":"34.784670","lng":"132.026771"},{"town":"三隅町岡見","lat":"34.762269","lng":"131.920500"},{"town":"三隅町折居","lat":"34.812128","lng":"131.972225"},{"town":"三隅町上古和","lat":"34.712948","lng":"132.022871"},{"town":"三隅町黒沢","lat":"34.748691","lng":"132.028499"},{"town":"三隅町河内","lat":"34.757692","lng":"131.977862"},{"town":"三隅町西河内","lat":"34.803307","lng":"131.962400"},{"town":"三隅町下古和","lat":"34.738512","lng":"131.989724"},{"town":"三隅町東平原","lat":"34.802529","lng":"131.992238"},{"town":"三隅町三隅","lat":"34.781668","lng":"131.972184"},{"town":"三隅町湊浦","lat":"34.790100","lng":"131.945211"},{"town":"三隅町向野田","lat":"34.766803","lng":"131.955652"},{"town":"三隅町室谷","lat":"34.818147","lng":"132.008527"},{"town":"三隅町矢原","lat":"34.730888","lng":"131.969477"},{"town":"港町","lat":"34.902451","lng":"132.068876"},{"town":"元浜町","lat":"34.894560","lng":"132.070451"},{"town":"弥栄町稲代","lat":"34.775860","lng":"132.093266"},{"town":"弥栄町大坪","lat":"34.762085","lng":"132.091330"},{"town":"弥栄町小坂","lat":"34.811397","lng":"132.129438"},{"town":"弥栄町門田","lat":"34.796086","lng":"132.151991"},{"town":"弥栄町木都賀","lat":"34.750097","lng":"132.062657"},{"town":"弥栄町高内","lat":"34.792515","lng":"132.126728"},{"town":"弥栄町田野原","lat":"34.720801","lng":"132.074292"},{"town":"弥栄町栃木","lat":"34.807537","lng":"132.097745"},{"town":"弥栄町長安本郷","lat":"34.774249","lng":"132.113951"},{"town":"弥栄町野坂","lat":"34.786433","lng":"132.069668"},{"town":"弥栄町程原","lat":"34.738215","lng":"132.100013"},{"town":"弥栄町三里","lat":"34.754785","lng":"132.135451"},{"town":"横山町","lat":"34.831121","lng":"132.032832"},{"town":"吉地町","lat":"34.846344","lng":"132.029616"},{"town":"三隅町古市場","lat":"34.781351","lng":"131.942978"}]