[{"town":"大ヶ所","koaza":"","lat":34.358261,"lng":136.412465},{"town":"粟生","koaza":"","lat":34.419273,"lng":136.45838},{"town":"天ケ瀬","koaza":"","lat":34.369732,"lng":136.316019},{"town":"岩井","koaza":"","lat":34.310059,"lng":136.234856},{"town":"江馬","koaza":"","lat":34.372302,"lng":136.330161},{"town":"大井","koaza":"","lat":34.312408,"lng":136.268597},{"town":"大杉","koaza":"","lat":34.224839,"lng":136.157984},{"town":"御棟","koaza":"","lat":34.352401,"lng":136.294105},{"town":"上楠","koaza":"","lat":34.422545,"lng":136.471217},{"town":"上菅","koaza":"","lat":34.381767,"lng":136.379293},{"town":"神瀬","koaza":"","lat":34.432634,"lng":136.48056},{"town":"上真手","koaza":"","lat":34.375261,"lng":136.358706},{"town":"上三瀬","koaza":"","lat":34.406844,"lng":136.417111},{"town":"唐櫃","koaza":"","lat":34.339561,"lng":136.311835},{"town":"桧原","koaza":"","lat":34.28016,"lng":136.247623},{"town":"清滝","koaza":"","lat":34.360473,"lng":136.366292},{"town":"久豆","koaza":"","lat":34.29181,"lng":136.15335},{"town":"熊内","koaza":"","lat":34.356841,"lng":136.315039},{"town":"栗谷","koaza":"","lat":34.384955,"lng":136.290463},{"town":"神滝","koaza":"","lat":34.347133,"lng":136.267229},{"town":"小切畑","koaza":"","lat":34.386283,"lng":136.33734},{"town":"小滝","koaza":"","lat":34.353568,"lng":136.280843},{"town":"佐原","koaza":"","lat":34.40406,"lng":136.401487},{"town":"下楠","koaza":"","lat":34.423716,"lng":136.486729},{"town":"下真手","koaza":"","lat":34.392083,"lng":136.363455},{"town":"下三瀬","koaza":"","lat":34.407556,"lng":136.434838},{"town":"新田","koaza":"","lat":34.436821,"lng":136.520621},{"town":"菅合","koaza":"","lat":34.364232,"lng":136.388855},{"town":"菅木屋","koaza":"","lat":34.371461,"lng":136.378412},{"town":"千代","koaza":"","lat":34.45136,"lng":136.540116},{"town":"薗","koaza":"","lat":34.341601,"lng":136.352499},{"town":"高奈","koaza":"","lat":34.410249,"lng":136.458022},{"town":"滝谷","koaza":"","lat":34.337197,"lng":136.22613},{"town":"栃原","koaza":"","lat":34.445485,"lng":136.518153},{"town":"長ケ","koaza":"","lat":34.384717,"lng":136.440958},{"town":"本田木屋","koaza":"","lat":34.369357,"lng":136.356975},{"town":"南","koaza":"","lat":34.320182,"lng":136.301073},{"town":"明豆","koaza":"","lat":34.36341,"lng":136.299141},{"town":"茂原","koaza":"","lat":34.351329,"lng":136.327285},{"town":"弥起井","koaza":"","lat":34.399498,"lng":136.384973},{"town":"柳原","koaza":"","lat":34.443282,"lng":136.537468}]