[{"town":"大字大曽根浦","koaza":"","lat":34.057101,"lng":136.228927},{"town":"大字天満浦","koaza":"","lat":34.084495,"lng":136.216781},{"town":"大字中井浦","koaza":"","lat":34.072545,"lng":136.181405},{"town":"大字南浦","koaza":"","lat":34.064293,"lng":136.133433},{"town":"大字向井","koaza":"","lat":34.052637,"lng":136.218624},{"town":"大字行野浦","koaza":"","lat":34.046702,"lng":136.239052},{"town":"桂ヶ丘","koaza":"","lat":34.062981,"lng":136.192818},{"town":"盛松","koaza":"","lat":33.979611,"lng":136.253719},{"town":"光ヶ丘","koaza":"","lat":34.065335,"lng":136.177495},{"town":"大字中井浦","koaza":"坂場","lat":34.07986,"lng":136.181762},{"town":"大字南浦","koaza":"小原野","lat":34.067019,"lng":136.173753},{"town":"朝日町","koaza":"","lat":34.072988,"lng":136.198945},{"town":"泉町","koaza":"","lat":34.070001,"lng":136.180853},{"town":"上野町","koaza":"","lat":34.069614,"lng":136.18877},{"town":"大滝町","koaza":"","lat":34.067854,"lng":136.183527},{"town":"梶賀町","koaza":"","lat":33.960934,"lng":136.21676},{"town":"賀田町","koaza":"","lat":33.992781,"lng":136.151184},{"town":"北浦町","koaza":"","lat":34.077407,"lng":136.198024},{"town":"北浦西町","koaza":"","lat":34.081307,"lng":136.196713},{"town":"北浦東町","koaza":"","lat":34.080755,"lng":136.200526},{"town":"九鬼町","koaza":"","lat":34.020173,"lng":136.253441},{"town":"国市松泉町","koaza":"","lat":34.065986,"lng":136.206889},{"town":"倉ノ谷町","koaza":"","lat":34.076589,"lng":136.187577},{"town":"小川西町","koaza":"","lat":34.066604,"lng":136.189443},{"town":"小川東町","koaza":"","lat":34.067682,"lng":136.193729},{"town":"古戸町","koaza":"","lat":34.072852,"lng":136.188847},{"town":"古戸野町","koaza":"","lat":34.070898,"lng":136.186422},{"town":"小脇町","koaza":"","lat":33.994986,"lng":136.228289},{"town":"栄町","koaza":"","lat":34.075408,"lng":136.194892},{"town":"坂場町","koaza":"","lat":34.078876,"lng":136.191305},{"town":"坂場西町","koaza":"","lat":34.080947,"lng":136.187326},{"town":"座ノ下町","koaza":"","lat":34.081991,"lng":136.192482},{"town":"新田町","koaza":"","lat":34.065698,"lng":136.185464},{"town":"末広町","koaza":"","lat":34.077079,"lng":136.189724},{"town":"須賀利町","koaza":"","lat":34.097469,"lng":136.284181},{"town":"瀬木山町","koaza":"","lat":34.069609,"lng":136.201159},{"town":"曽根町","koaza":"","lat":33.968824,"lng":136.166268},{"town":"中央町","koaza":"","lat":34.071421,"lng":136.194561},{"town":"中井町","koaza":"","lat":34.075327,"lng":136.197326},{"town":"中川","koaza":"","lat":34.066472,"lng":136.19765},{"town":"中村町","koaza":"","lat":34.073268,"lng":136.193147},{"town":"名柄町","koaza":"","lat":34.014117,"lng":136.217259},{"town":"南陽町","koaza":"","lat":34.069509,"lng":136.193494},{"town":"野地町","koaza":"","lat":34.07628,"lng":136.191696},{"town":"早田町","koaza":"","lat":34.002203,"lng":136.257277},{"town":"林町","koaza":"","lat":34.071028,"lng":136.199773},{"town":"古江町","koaza":"","lat":33.984077,"lng":136.206694},{"town":"馬越町","koaza":"","lat":34.084373,"lng":136.198686},{"town":"三木浦町","koaza":"","lat":33.991759,"lng":136.239678},{"town":"三木里町","koaza":"","lat":34.00472,"lng":136.18917},{"town":"港町","koaza":"","lat":34.075246,"lng":136.200296},{"town":"宮ノ上町","koaza":"","lat":34.080447,"lng":136.19347},{"town":"矢浜一丁目","koaza":"","lat":34.063581,"lng":136.201575},{"town":"矢浜二丁目","koaza":"","lat":34.061527,"lng":136.198342},{"town":"矢浜三丁目","koaza":"","lat":34.060639,"lng":136.203655},{"town":"矢浜四丁目","koaza":"","lat":34.055851,"lng":136.199615},{"town":"矢浜大道","koaza":"","lat":34.055194,"lng":136.203194},{"town":"矢浜岡崎町","koaza":"","lat":34.056708,"lng":136.197756},{"town":"矢浜真砂","koaza":"","lat":34.053363,"lng":136.199703}]