[{"town":"朝日町","koaza":"","lat":35.376471,"lng":136.26955},{"town":"安養寺町","koaza":"","lat":35.426311,"lng":136.213999},{"town":"池奥町","koaza":"","lat":35.463427,"lng":136.283925},{"town":"石田町","koaza":"","lat":35.386505,"lng":136.327943},{"town":"泉町","koaza":"","lat":35.404553,"lng":136.283069},{"town":"一の宮町","koaza":"","lat":35.387297,"lng":136.274517},{"town":"稲葉町","koaza":"","lat":35.42297,"lng":136.236348},{"town":"今川町","koaza":"","lat":35.380994,"lng":136.304445},{"town":"今荘町","koaza":"","lat":35.416517,"lng":136.347252},{"town":"今町","koaza":"","lat":35.41102,"lng":136.298149},{"town":"飯山町","koaza":"","lat":35.441771,"lng":136.331601},{"town":"内保町","koaza":"","lat":35.427182,"lng":136.294372},{"town":"瓜生町","koaza":"","lat":35.451441,"lng":136.287741},{"town":"上野町","koaza":"","lat":35.45482,"lng":136.311296},{"town":"永久寺町","koaza":"","lat":35.370916,"lng":136.298987},{"town":"榎木町","koaza":"","lat":35.402874,"lng":136.298019},{"town":"大井町","koaza":"","lat":35.413508,"lng":136.262525},{"town":"大戌亥町","koaza":"","lat":35.369108,"lng":136.287062},{"town":"大島町","koaza":"","lat":35.37495,"lng":136.262016},{"town":"太田町","koaza":"","lat":35.467309,"lng":136.31306},{"town":"大辰巳町","koaza":"","lat":35.373312,"lng":136.292049},{"town":"大浜町","koaza":"","lat":35.397045,"lng":136.220849},{"town":"大東町","koaza":"","lat":35.377348,"lng":136.299478},{"town":"大宮町","koaza":"","lat":35.380661,"lng":136.270133},{"town":"大依町","koaza":"","lat":35.435266,"lng":136.31142},{"town":"岡谷町","koaza":"","lat":35.448936,"lng":136.333569},{"town":"小谷上山田町","koaza":"","lat":35.476813,"lng":136.271382},{"town":"小谷郡上町","koaza":"","lat":35.456797,"lng":136.268666},{"town":"小谷美濃山町","koaza":"","lat":35.454545,"lng":136.260724},{"town":"小谷丁野町","koaza":"","lat":35.459866,"lng":136.256216},{"town":"落合町","koaza":"","lat":35.414474,"lng":136.234087},{"town":"大路町","koaza":"","lat":35.419373,"lng":136.300273},{"town":"小野寺町","koaza":"","lat":35.427204,"lng":136.346999},{"town":"垣籠町","koaza":"","lat":35.40339,"lng":136.328035},{"town":"柿ノ木","koaza":"","lat":35.414337,"lng":136.247136},{"town":"鍛冶屋町","koaza":"","lat":35.457697,"lng":136.331009},{"town":"加田今町","koaza":"","lat":35.353771,"lng":136.301146},{"town":"加田町","koaza":"","lat":35.361199,"lng":136.297727},{"town":"勝町","koaza":"","lat":35.373551,"lng":136.285888},{"town":"鐘紡町","koaza":"","lat":35.380808,"lng":136.258538},{"town":"加納町","koaza":"","lat":35.395745,"lng":136.299741},{"town":"神照町","koaza":"","lat":35.396305,"lng":136.273575},{"town":"上八木町","koaza":"","lat":35.418327,"lng":136.226062},{"town":"唐国町","koaza":"","lat":35.420163,"lng":136.245259},{"town":"川崎町","koaza":"","lat":35.392147,"lng":136.284203},{"town":"川道町","koaza":"","lat":35.397038,"lng":136.234355},{"town":"木尾町","koaza":"","lat":35.44572,"lng":136.309567},{"town":"祇園町","koaza":"","lat":35.386346,"lng":136.255129},{"town":"北池町","koaza":"","lat":35.421578,"lng":136.337987},{"town":"北ノ郷町","koaza":"","lat":35.434385,"lng":136.330969},{"town":"北野町","koaza":"","lat":35.464723,"lng":136.2916},{"town":"北船町","koaza":"","lat":35.377752,"lng":136.265976},{"town":"木之本町赤尾","koaza":"","lat":35.484336,"lng":136.203409},{"town":"木之本町石道","koaza":"","lat":35.502005,"lng":136.266323},{"town":"木之本町大音","koaza":"","lat":35.502928,"lng":136.197321},{"town":"木之本町大見","koaza":"","lat":35.534513,"lng":136.238939},{"town":"木之本町音羽","koaza":"","lat":35.540039,"lng":136.258079},{"town":"木之本町金居原","koaza":"","lat":35.580873,"lng":136.299609},{"town":"木之本町川合","koaza":"","lat":35.52258,"lng":136.243992},{"town":"木之本町北布施","koaza":"","lat":35.491069,"lng":136.20222},{"town":"木之本町木之本","koaza":"","lat":35.512487,"lng":136.230536},{"town":"木之本町黒田","koaza":"","lat":35.513572,"lng":136.2136},{"town":"木之本町小山","koaza":"","lat":35.497596,"lng":136.256756},{"town":"木之本町杉野","koaza":"","lat":35.568383,"lng":136.26066},{"town":"木之本町杉本","koaza":"","lat":35.555943,"lng":136.251653},{"town":"木之本町千田","koaza":"","lat":35.493917,"lng":136.225626},{"town":"木之本町田居","koaza":"","lat":35.501383,"lng":136.204756},{"town":"木之本町田部","koaza":"","lat":35.502167,"lng":136.234252},{"town":"木之本町西山","koaza":"","lat":35.496171,"lng":136.204177},{"town":"木之本町飯浦","koaza":"","lat":35.506612,"lng":136.183884},{"town":"木之本町廣瀬","koaza":"","lat":35.499597,"lng":136.225607},{"town":"木之本町古橋","koaza":"","lat":35.518541,"lng":136.269389},{"town":"木之本町山梨子","koaza":"","lat":35.493986,"lng":136.193843},{"town":"草野町","koaza":"","lat":35.471274,"lng":136.318546},{"town":"国友町","koaza":"","lat":35.411657,"lng":136.28204},{"town":"口分田町","koaza":"","lat":35.39898,"lng":136.2865},{"town":"黒部町","koaza":"","lat":35.460719,"lng":136.301382},{"town":"小一条町","koaza":"","lat":35.34741,"lng":136.3134},{"town":"公園町","koaza":"","lat":35.378666,"lng":136.261562},{"town":"香花寺町","koaza":"","lat":35.426622,"lng":136.230365},{"town":"郷野町","koaza":"","lat":35.462063,"lng":136.322426},{"town":"小観音寺町","koaza":"","lat":35.426289,"lng":136.239026},{"town":"小沢町","koaza":"","lat":35.406057,"lng":136.271034},{"town":"湖北今町","koaza":"","lat":35.450564,"lng":136.230385},{"town":"湖北高田町","koaza":"","lat":35.440209,"lng":136.237237},{"town":"湖北町青名","koaza":"","lat":35.454368,"lng":136.236109},{"town":"湖北町石川","koaza":"","lat":35.451355,"lng":136.204583},{"town":"湖北町伊部","koaza":"","lat":35.452696,"lng":136.273506},{"town":"湖北町今西","koaza":"","lat":35.442901,"lng":136.193939},{"town":"湖北町海老江","koaza":"","lat":35.426925,"lng":136.203922},{"town":"湖北町延勝寺","koaza":"","lat":35.433707,"lng":136.202558},{"town":"湖北町小倉","koaza":"","lat":35.435171,"lng":136.240681},{"town":"湖北町尾上","koaza":"","lat":35.448682,"lng":136.189847},{"town":"湖北町賀","koaza":"","lat":35.437289,"lng":136.248774},{"town":"湖北町河毛","koaza":"","lat":35.445155,"lng":136.25421},{"town":"湖北町小今","koaza":"","lat":35.431012,"lng":136.250872},{"town":"湖北町五坪","koaza":"","lat":35.441817,"lng":136.223933},{"town":"湖北町沢","koaza":"","lat":35.45338,"lng":136.227949},{"town":"湖北町大安寺","koaza":"","lat":35.431968,"lng":136.232859},{"town":"湖北町田中","koaza":"","lat":35.437087,"lng":136.221394},{"town":"湖北町津里","koaza":"","lat":35.446041,"lng":136.202361},{"town":"湖北町留目","koaza":"","lat":35.441027,"lng":136.271858},{"town":"湖北町猫口","koaza":"","lat":35.455144,"lng":136.230632},{"town":"湖北町速水","koaza":"","lat":35.445861,"lng":136.236492},{"town":"湖北町二俣","koaza":"","lat":35.463177,"lng":136.251537},{"town":"湖北町別所","koaza":"","lat":35.443887,"lng":136.267897},{"town":"湖北町南速水","koaza":"","lat":35.433094,"lng":136.227382},{"town":"湖北町馬渡","koaza":"","lat":35.426745,"lng":136.241449},{"town":"湖北町山本","koaza":"","lat":35.442248,"lng":136.21434},{"town":"湖北町山脇","koaza":"","lat":35.451913,"lng":136.252222},{"town":"湖北町八日市","koaza":"","lat":35.456208,"lng":136.240754},{"town":"湖北東尾上町","koaza":"","lat":35.448556,"lng":136.195694},{"town":"小堀町","koaza":"","lat":35.386453,"lng":136.287827},{"town":"五村","koaza":"","lat":35.42128,"lng":136.262767},{"town":"小室町","koaza":"","lat":35.461078,"lng":136.310216},{"town":"桜町","koaza":"","lat":35.41628,"lng":136.255919},{"town":"佐野町","koaza":"","lat":35.418559,"lng":136.344693},{"town":"三和町","koaza":"","lat":35.375246,"lng":136.272247},{"town":"七条町","koaza":"","lat":35.386638,"lng":136.311319},{"town":"地福寺町","koaza":"","lat":35.375668,"lng":136.276903},{"town":"下坂中町","koaza":"","lat":35.366671,"lng":136.290025},{"town":"下坂浜町","koaza":"","lat":35.36715,"lng":136.276715},{"town":"下之郷町","koaza":"","lat":35.407192,"lng":136.265143},{"town":"下八木町","koaza":"","lat":35.410942,"lng":136.218751},{"town":"下山田","koaza":"","lat":35.470295,"lng":136.261221},{"town":"十里町","koaza":"","lat":35.393856,"lng":136.263},{"town":"十九町","koaza":"","lat":35.421442,"lng":136.225025},{"town":"常喜町","koaza":"","lat":35.366529,"lng":136.314653},{"town":"新旭町","koaza":"","lat":35.421027,"lng":136.249525},{"town":"新庄寺町","koaza":"","lat":35.402684,"lng":136.275356},{"town":"新庄中町","koaza":"","lat":35.398674,"lng":136.262637},{"town":"新庄馬場町","koaza":"","lat":35.401505,"lng":136.262619},{"town":"神前町","koaza":"","lat":35.384495,"lng":136.272343},{"town":"酢","koaza":"","lat":35.415012,"lng":136.250283},{"town":"末広町","koaza":"","lat":35.38377,"lng":136.259916},{"town":"須賀谷町","koaza":"","lat":35.454723,"lng":136.281139},{"town":"相撲町","koaza":"","lat":35.39116,"lng":136.253146},{"town":"相撲庭町","koaza":"","lat":35.411141,"lng":136.352891},{"town":"曽根町","koaza":"","lat":35.408157,"lng":136.252079},{"town":"尊勝寺町","koaza":"","lat":35.439181,"lng":136.283821},{"town":"尊野町","koaza":"","lat":35.432296,"lng":136.284232},{"town":"大光寺町","koaza":"","lat":35.439883,"lng":136.228898},{"town":"醍醐町","koaza":"","lat":35.435731,"lng":136.349735},{"town":"大寺町","koaza":"","lat":35.429983,"lng":136.263044},{"town":"大門町","koaza":"","lat":35.441466,"lng":136.323587},{"town":"高田町","koaza":"","lat":35.37988,"lng":136.273297},{"town":"高月町雨森","koaza":"","lat":35.486563,"lng":136.246765},{"town":"高月町磯野","koaza":"","lat":35.478713,"lng":136.210283},{"town":"高月町井口","koaza":"","lat":35.488231,"lng":136.234757},{"town":"高月町宇根","koaza":"","lat":35.45969,"lng":136.231414},{"town":"高月町落川","koaza":"","lat":35.472276,"lng":136.241452},{"town":"高月町尾山","koaza":"","lat":35.498639,"lng":136.246333},{"town":"高月町柏原","koaza":"","lat":35.478755,"lng":136.23814},{"town":"高月町片山","koaza":"","lat":35.469983,"lng":136.145413},{"town":"高月町唐川","koaza":"","lat":35.491115,"lng":136.21737},{"town":"高月町熊野","koaza":"","lat":35.460373,"lng":136.204383},{"town":"高月町重則","koaza":"","lat":35.47131,"lng":136.209781},{"town":"高月町高月","koaza":"","lat":35.466628,"lng":136.2319},{"town":"高月町高野","koaza":"","lat":35.491138,"lng":136.265034},{"town":"高月町渡岸寺","koaza":"","lat":35.474961,"lng":136.237822},{"town":"高月町西阿閉","koaza":"","lat":35.455537,"lng":136.213448},{"town":"高月町西野","koaza":"","lat":35.472804,"lng":136.199591},{"town":"高月町西物部","koaza":"","lat":35.474939,"lng":136.222611},{"town":"高月町西柳野","koaza":"","lat":35.465353,"lng":136.209018},{"town":"高月町東阿閉","koaza":"","lat":35.459019,"lng":136.221436},{"town":"高月町東高田","koaza":"","lat":35.487657,"lng":136.213439},{"town":"高月町東物部","koaza":"","lat":35.478238,"lng":136.226358},{"town":"高月町東柳野","koaza":"","lat":35.470503,"lng":136.217499},{"town":"高月町布施","koaza":"","lat":35.488002,"lng":136.210109},{"town":"高月町保延寺","koaza":"","lat":35.493585,"lng":136.245885},{"town":"高月町洞戸","koaza":"","lat":35.498806,"lng":136.239594},{"town":"高月町馬上","koaza":"","lat":35.475996,"lng":136.24994},{"town":"高月町松尾","koaza":"","lat":35.474506,"lng":136.207418},{"town":"高月町持寺","koaza":"","lat":35.492843,"lng":136.239684},{"town":"高月町森本","koaza":"","lat":35.467274,"lng":136.240511},{"town":"高月町柳野中","koaza":"","lat":35.466608,"lng":136.213894},{"town":"高月町横山","koaza":"","lat":35.483609,"lng":136.223423},{"town":"高橋町","koaza":"","lat":35.36222,"lng":136.280463},{"town":"高畑町","koaza":"","lat":35.452452,"lng":136.29356},{"town":"高山町","koaza":"","lat":35.51172,"lng":136.313082},{"town":"田川町","koaza":"","lat":35.446067,"lng":136.283675},{"town":"田町","koaza":"","lat":35.422194,"lng":136.256723},{"town":"谷口町","koaza":"","lat":35.48175,"lng":136.288819},{"town":"田村町","koaza":"","lat":35.355647,"lng":136.284562},{"town":"千草町","koaza":"","lat":35.410671,"lng":136.310393},{"town":"月ヶ瀬町","koaza":"","lat":35.42608,"lng":136.250991},{"town":"寺師町","koaza":"","lat":35.485227,"lng":136.301287},{"town":"寺田町","koaza":"","lat":35.362394,"lng":136.286097},{"town":"当目町","koaza":"","lat":35.441303,"lng":136.327914},{"town":"徳山町","koaza":"","lat":35.444593,"lng":136.342574},{"town":"殿町","koaza":"","lat":35.382106,"lng":136.261876},{"town":"鳥羽上町","koaza":"","lat":35.373573,"lng":136.328272},{"town":"富田町","koaza":"","lat":35.428071,"lng":136.223328},{"town":"長田町","koaza":"","lat":35.416823,"lng":136.246262},{"town":"中野町","koaza":"","lat":35.436805,"lng":136.25936},{"town":"中山町","koaza":"","lat":35.389127,"lng":136.272547},{"town":"名越町","koaza":"","lat":35.360143,"lng":136.317515},{"town":"南郷町","koaza":"","lat":35.433084,"lng":136.326923},{"town":"難波町","koaza":"","lat":35.408588,"lng":136.241038},{"town":"新栄町","koaza":"","lat":35.3934,"lng":136.307425},{"town":"西浅井町大浦","koaza":"","lat":35.48237,"lng":136.106608},{"town":"西浅井町小山","koaza":"","lat":35.49876,"lng":136.133626},{"town":"西浅井町沓掛","koaza":"","lat":35.56326,"lng":136.128862},{"town":"西浅井町黒山","koaza":"","lat":35.497646,"lng":136.10883},{"town":"西浅井町塩津中","koaza":"","lat":35.530399,"lng":136.153669},{"town":"西浅井町塩津浜","koaza":"","lat":35.514966,"lng":136.171471},{"town":"西浅井町集福寺","koaza":"","lat":35.557078,"lng":136.159354},{"town":"西浅井町庄","koaza":"","lat":35.512761,"lng":136.121422},{"town":"西浅井町菅浦","koaza":"","lat":35.455888,"lng":136.146236},{"town":"西浅井町月出","koaza":"","lat":35.497095,"lng":136.158735},{"town":"西浅井町中","koaza":"","lat":35.520695,"lng":136.111921},{"town":"西浅井町野坂","koaza":"","lat":35.532902,"lng":136.164729},{"town":"西浅井町八田部","koaza":"","lat":35.5048,"lng":136.146119},{"town":"西浅井町祝山","koaza":"","lat":35.528178,"lng":136.170336},{"town":"西浅井町岩熊","koaza":"","lat":35.514261,"lng":136.152595},{"town":"西浅井町山門","koaza":"","lat":35.539361,"lng":136.121723},{"town":"西浅井町山田","koaza":"","lat":35.492507,"lng":136.145185},{"town":"西浅井町余","koaza":"","lat":35.540692,"lng":136.153795},{"town":"西浅井町横波","koaza":"","lat":35.52503,"lng":136.142331},{"town":"西大井町","koaza":"","lat":35.417997,"lng":136.260017},{"town":"西主計町","koaza":"","lat":35.42713,"lng":136.316994},{"town":"西上坂町","koaza":"","lat":35.403437,"lng":136.31043},{"town":"錦織町","koaza":"","lat":35.416298,"lng":136.240437},{"town":"西野町","koaza":"","lat":35.436433,"lng":136.274599},{"town":"西村町","koaza":"","lat":35.473065,"lng":136.307178},{"town":"新居町","koaza":"","lat":35.407444,"lng":136.233105},{"town":"乗倉町","koaza":"","lat":35.437554,"lng":136.32006},{"town":"野瀬町","koaza":"","lat":35.472819,"lng":136.328252},{"town":"野田町","koaza":"","lat":35.451201,"lng":136.300031},{"town":"野寺町","koaza":"","lat":35.403163,"lng":136.230467},{"town":"野村町","koaza":"","lat":35.419254,"lng":136.323396},{"town":"八条町","koaza":"","lat":35.380256,"lng":136.316099},{"town":"早崎町","koaza":"","lat":35.415428,"lng":136.210686},{"town":"春近町","koaza":"","lat":35.397325,"lng":136.317466},{"town":"東主計町","koaza":"","lat":35.428957,"lng":136.323329},{"town":"東上坂町","koaza":"","lat":35.407643,"lng":136.325308},{"town":"東野町","koaza":"","lat":35.434777,"lng":136.338887},{"town":"平方町","koaza":"","lat":35.371325,"lng":136.273874},{"town":"平方南町","koaza":"","lat":35.371356,"lng":136.280116},{"town":"平塚町","koaza":"","lat":35.435283,"lng":136.288377},{"town":"布勢町","koaza":"","lat":35.351942,"lng":136.317893},{"town":"分木町","koaza":"","lat":35.388982,"lng":136.26787},{"town":"保田町","koaza":"","lat":35.405573,"lng":136.289183},{"town":"法楽寺町","koaza":"","lat":35.427332,"lng":136.331658},{"town":"細江町","koaza":"","lat":35.394639,"lng":136.244808},{"town":"保多町","koaza":"","lat":35.39924,"lng":136.327192},{"town":"堀部町","koaza":"","lat":35.394029,"lng":136.325222},{"town":"本庄町","koaza":"","lat":35.373602,"lng":136.312681},{"town":"益田町","koaza":"","lat":35.423788,"lng":136.216415},{"town":"三川町","koaza":"","lat":35.431321,"lng":136.27355},{"town":"三田町","koaza":"","lat":35.42019,"lng":136.312712},{"town":"三ツ矢町","koaza":"","lat":35.386297,"lng":136.269732},{"town":"三ツ矢元町","koaza":"","lat":35.386459,"lng":136.265491},{"town":"港町","koaza":"","lat":35.374318,"lng":136.265247},{"town":"南池町","koaza":"","lat":35.418022,"lng":136.333995},{"town":"南小足町","koaza":"","lat":35.391585,"lng":136.31043},{"town":"南呉服町","koaza":"","lat":35.381128,"lng":136.264241},{"town":"南高田町","koaza":"","lat":35.378931,"lng":136.278522},{"town":"南田附町","koaza":"","lat":35.387777,"lng":136.300185},{"town":"南浜町","koaza":"","lat":35.39192,"lng":136.223913},{"town":"宮司町","koaza":"","lat":35.381766,"lng":136.29283},{"town":"宮部町","koaza":"","lat":35.419668,"lng":136.279685},{"town":"宮前町","koaza":"","lat":35.383643,"lng":136.274336},{"town":"室町","koaza":"","lat":35.376462,"lng":136.292132},{"town":"元浜町","koaza":"","lat":35.38206,"lng":136.268039},{"town":"森町","koaza":"","lat":35.399136,"lng":136.255955},{"town":"八木浜町","koaza":"","lat":35.404444,"lng":136.220059},{"town":"八島町","koaza":"","lat":35.43874,"lng":136.299121},{"town":"弥高町","koaza":"","lat":35.372974,"lng":136.27897},{"town":"山階町","koaza":"","lat":35.39338,"lng":136.289933},{"town":"山ノ前町","koaza":"","lat":35.441364,"lng":136.279912},{"town":"八幡中山町","koaza":"","lat":35.390673,"lng":136.273752},{"town":"八幡東町","koaza":"","lat":35.384059,"lng":136.280435},{"town":"弓削町","koaza":"","lat":35.420775,"lng":136.231561},{"town":"湯次町","koaza":"","lat":35.42588,"lng":136.282583},{"town":"余呉町池原","koaza":"","lat":35.559613,"lng":136.17935},{"town":"余呉町今市","koaza":"","lat":35.561694,"lng":136.200434},{"town":"余呉町小谷","koaza":"","lat":35.572535,"lng":136.186789},{"town":"余呉町奥川並","koaza":"","lat":35.626162,"lng":136.258766},{"town":"余呉町尾羽梨","koaza":"","lat":35.654699,"lng":136.247853},{"town":"余呉町小原","koaza":"","lat":35.611577,"lng":136.22295},{"town":"余呉町上丹生","koaza":"","lat":35.575548,"lng":136.231935},{"town":"余呉町川並","koaza":"","lat":35.520854,"lng":136.185812},{"town":"余呉町国安","koaza":"","lat":35.550966,"lng":136.185061},{"town":"余呉町坂口","koaza":"","lat":35.527049,"lng":136.215464},{"town":"余呉町下丹生","koaza":"","lat":35.552049,"lng":136.23193},{"town":"余呉町下余呉","koaza":"","lat":35.531156,"lng":136.207239},{"town":"余呉町新堂","koaza":"","lat":35.56202,"lng":136.193438},{"town":"余呉町菅並","koaza":"","lat":35.596889,"lng":136.22987},{"town":"余呉町摺墨","koaza":"","lat":35.582669,"lng":136.203991},{"town":"余呉町田戸","koaza":"","lat":35.619982,"lng":136.228401},{"town":"余呉町椿坂","koaza":"","lat":35.622904,"lng":136.172498},{"town":"余呉町中河内","koaza":"","lat":35.669414,"lng":136.163226},{"town":"余呉町中之郷","koaza":"","lat":35.545812,"lng":136.211932},{"town":"余呉町針川","koaza":"","lat":35.667904,"lng":136.217652},{"town":"余呉町東野","koaza":"","lat":35.55363,"lng":136.202548},{"town":"余呉町文室","koaza":"","lat":35.539163,"lng":136.181583},{"town":"余呉町八戸","koaza":"","lat":35.536715,"lng":136.192159},{"town":"余呉町柳ケ瀬","koaza":"","lat":35.596553,"lng":136.188265},{"town":"余呉町鷲見","koaza":"","lat":35.630094,"lng":136.199467},{"town":"四ツ塚町","koaza":"","lat":35.374198,"lng":136.281732},{"town":"力丸町","koaza":"","lat":35.456461,"lng":136.29704},{"town":"竜安寺町","koaza":"","lat":35.465943,"lng":136.299753},{"town":"列見町","koaza":"","lat":35.388101,"lng":136.261962},{"town":"木之本町木之本","koaza":"五位","lat":35.503872,"lng":136.220424},{"town":"八幡東町","koaza":"下正号寺","lat":35.38277,"lng":136.282264},{"town":"川崎町","koaza":"羽織町","lat":35.393791,"lng":136.283779},{"town":"南高田町","koaza":"辻村","lat":35.37952,"lng":136.285721},{"town":"宮司町","koaza":"辻村","lat":35.379985,"lng":136.286361},{"town":"内保町","koaza":"下三双","lat":35.428046,"lng":136.302135}]